Average Temperature (Â°C),Annual Rainfall (mm),Vegetation Density (% coverage),Predator Presence (0 or 1),Human Disturbance Index,Altitude (meters),Water Source Availability (0 or 1),Habitat Suitability
20.009526861154825,1270.4078731948653,90.14275395877759,1,0.39275018353870994,355.4330409643501,1,1
16.228575735887503,1419.8815041005018,58.24659365550606,0,0.35655622368835627,64.890244602486,1,1
25.47263783794234,991.7503742041594,57.898060005576774,1,0.8328558086179211,301.42625892426037,1,0
34.03044558918481,1431.8242309206585,41.892067236463404,1,0.04434686195360116,390.15226933748494,1,0
38.33452611160004,1018.2629457222699,56.81459732600451,1,0.30842108882868,450.5841126384561,1,0
25.485778935431238,923.9088191667298,91.01317924301952,1,0.6794085575951299,274.0665081378926,1,0
30.58340637533761,873.9083091629045,55.41900973427451,1,0.5654434995653427,401.838706700716,1,0
26.160473189642687,1327.4164815985484,96.61224937498517,1,0.4362893592936943,273.8025223028827,1,1
27.494415973841065,843.9712237224456,96.24162294458712,0,0.5399482272213844,474.8361296903334,1,0
23.289256744363804,1147.0538619949975,40.142906151514225,1,0.19758458582831828,285.3817343274769,1,0
25.975384627113012,888.1672329881583,42.41178774658514,0,0.4307166216080104,330.2190687259071,1,0
27.687393523032142,907.9386474851274,90.38718492323224,0,0.5017029841763491,238.26317380217222,1,0
22.107701355618342,1206.0499387939135,57.49326432473035,1,0.9011891219546017,469.29986088604323,1,0
24.61252850053506,923.9926307421292,30.306178759810653,1,0.26083516280397634,326.7104460095203,1,0
24.70784940501256,919.0409241159414,49.17102737937597,0,0.8678285021649326,681.3568533350858,1,0
29.132016586652625,1226.5609394349615,71.8340295236892,1,0.6442414008259819,581.1700533385798,1,0
19.669839141861598,1319.4794586443245,85.94861761719775,1,0.020340831067600984,486.0296263632714,1,1
24.742288956961744,1128.9379606568466,39.337203196528165,0,0.7246313368993936,340.5029005312423,1,0
34.560027345263485,869.0460448752101,37.73789550917147,1,0.03555187754905509,576.1040610632606,1,0
30.820300762929687,897.8783001404842,94.54648575006321,1,0.9973811268138131,638.1401778697274,1,0
31.745895244443524,1015.9830527480075,82.58038574758078,0,0.8726366876911978,528.5376824403261,1,0
25.12215920089017,1064.1860123851316,71.28457205446549,1,0.29734374754004567,820.7403710933861,1,1
26.604987818430114,802.4268179720457,83.84307529971497,1,0.2574112301967054,591.9274636149632,1,1
30.011180833514626,1144.6075879159728,60.01980529146469,1,0.3814410821056089,682.7214435136068,1,0
32.80127764765466,1017.1026659279198,83.09190231163886,1,0.35616696531444303,526.7130831071956,1,0
15.241985435585567,656.8583362723741,56.0262093892175,0,0.37233781838538105,635.1328906513953,1,1
18.42279346475077,814.214703507854,47.08662007448217,1,0.3182765461194804,340.6437534661649,1,0
31.54722050701324,899.1742652696672,81.0309394905078,0,0.6211334068483314,408.3203273574412,0,0
23.61555322115598,985.428462231789,59.37706045100878,1,0.16426366372062395,569.8727106964759,1,1
21.641396053709613,1377.8557591007993,98.69639730283365,1,0.8459812924460132,568.4198963114764,1,0
18.72919506502198,1047.6342612279257,54.463962761567075,0,0.8124024840313153,601.5223645886495,1,0
22.224916492279455,831.845622020275,94.52091943717461,1,0.47648320785527043,720.0785784557459,1,1
17.988153582880877,1044.1261608614327,95.30737839969557,0,0.8527299652785476,215.0057656369176,1,0
35.45547136366238,929.5824505092238,46.92970629453223,1,0.2471450700302933,305.10949047794077,0,0
24.887819740097132,1064.9516479067083,85.87548271116094,1,0.017565455703966948,545.9145282148506,1,1
24.710247291186413,1116.113537407123,60.31521536011956,0,0.619207925029823,355.1272736393079,0,0
27.940383375839158,1241.8461294447875,94.22673090612436,1,0.4579094069647154,1175.5536482578723,1,1
29.81172584633285,995.1427008659948,61.50869908446671,1,0.5671645462958707,603.1439238340272,1,0
29.729440782773196,1327.7921055199668,82.10126021361563,0,0.899339409018403,484.33383021396855,1,0
30.36810971953786,1181.6045325072382,62.68771864146585,1,0.9699255735659434,396.90614538322814,1,0
21.84577224604572,858.5120910375624,45.94605289989993,1,0.634453139755603,403.9675433613911,1,0
23.510665975215694,1441.9711331496928,43.95450902612804,1,0.7640555898524384,506.0281322630355,1,0
28.84515827721138,1065.3989026540196,59.78018359794419,1,0.08380843348716427,522.3963865242515,1,1
22.3630546918019,832.975099205553,82.88462599099505,1,0.16071558489150561,408.66017106129743,1,1
24.974466839863876,1330.5826102460844,72.35500396265368,1,0.7332048049529766,445.36955069601964,1,0
26.993818822124073,1415.555517039689,78.20405029303802,1,0.43136545638800194,768.8569150469193,1,1
28.92592541155188,993.3949472560879,49.76284455123597,1,0.4459652704044057,776.9009925302068,0,0
16.111595188148996,899.2699479248807,63.70047421703239,0,0.3086076816354366,550.4067959869755,0,0
28.573728249444727,965.5250085092676,33.10766854785289,1,0.6073563834777438,231.74805455265243,0,0
23.831379710741373,1142.94634550354,87.22726911706845,1,0.1851650454162026,607.7006313278087,1,1
28.537288554321904,1255.5713310061028,99.29245135679122,1,0.6269162793138956,810.8564883222052,1,0
28.884658461774144,1114.0974661727148,58.48153438372697,0,0.17379885713523968,773.9562203924758,1,1
33.03957530559579,1020.344641694354,30.767455719208034,1,0.0638260347097136,646.8851705619334,1,0
31.767268238106016,1299.6023540608855,41.885484768566315,1,0.330357688699061,784.4845910571644,1,0
31.73285831305148,937.4327053896956,75.67688144252932,1,0.23114034200984768,510.6768544958044,1,0
32.218351595831194,1206.1838676733814,72.84555227427015,1,0.8889916385563323,625.620593966741,1,0
26.45689492407973,942.3874403297443,85.15053037098808,1,0.0549534538686266,363.84488673496395,1,1
25.160925435184197,1086.2045916021787,47.77188076727477,1,0.17661369257412285,558.4530912311425,1,0
29.364085415891672,977.2874870419097,83.45423408829939,1,0.5487196055830494,765.9068487941049,1,0
28.66040475716511,988.8295634694379,78.15888150665688,0,0.4810671908474736,382.1153177026218,0,0
23.4546688163087,924.5226965075581,52.597014839969034,1,0.04585201837470154,327.7113141071427,1,1
27.02411704404134,1268.970806236139,68.18417036398733,0,0.007252428015144474,519.4977878047393,1,1
24.82451766607703,853.414792378293,40.30916659488287,1,0.9880679419611499,454.6675592552001,1,0
20.73033545769972,851.9535494902583,61.67951524049079,1,0.6588347003588382,629.8295442140841,1,0
31.45230370688175,1424.1987131690219,91.68381376889486,1,0.3654061309015568,409.34809481059153,1,0
25.275996212650448,1195.5695129308663,59.48339658777736,0,0.4704322476632413,843.6879231205428,0,0
35.24354128849426,522.9772602613928,88.76966945327953,1,0.26655012045428694,242.06478040778887,1,0
16.872538649000838,886.9482521579193,71.3177355681786,0,0.34487378369320976,750.7469572439469,0,0
22.216106135783168,637.6021324875892,43.43136991716497,0,0.649044467268214,347.03015433837936,1,0
25.163194183454358,809.861861316949,70.67743712885274,0,0.8828117988673707,140.80345308319534,1,0
30.68690548814457,372.2970667531921,65.41883304099444,1,0.18413002308118487,547.5750312697735,0,0
26.997346863010925,972.6020844612116,57.90489346374688,1,0.8403615053853187,449.0784027972233,1,0
26.552363770903757,771.6116361677377,38.37413076612492,1,0.12155662951826907,278.0781264193938,1,0
19.363681037229263,1011.9810513592877,59.16960646930609,1,0.2149922235883912,163.7246216569472,1,1
19.215293013852644,674.975748223495,35.0933663367739,0,0.03717528804964598,498.3278425457086,1,0
26.612523301449524,1016.582370634408,36.913833597912586,1,0.14081186209299945,695.1673783247636,1,0
18.179470030908206,917.0167443759345,59.11415730529012,0,0.9173031454640506,616.9906986172889,1,0
22.34061124855336,1300.390593037719,51.37670373779246,0,0.4594387466183786,511.3413297678531,1,1
27.50458664542929,1282.271372349125,94.78810281035564,0,0.07766586177835355,595.769514643547,1,1
20.08837863861612,1157.0691206020565,56.29940637661893,1,0.9597268380389613,494.5571735244286,0,0
33.026779811809035,934.6772438677575,83.05006854504701,1,0.8789923077586501,214.05515139392577,0,0
31.11968172118945,1397.0760790520587,67.117326845637,1,0.7546825208681412,215.82120295531138,1,0
17.142900008308498,689.3929444320358,79.28599680496347,1,0.9334727919475578,459.36629420306423,1,0
20.338143784090065,719.2882740872675,48.20811881107794,1,0.22012942083576414,467.86934272678513,1,0
13.57111377752525,983.243380022187,95.93334809868304,0,0.8363692930100863,670.196535701353,1,0
21.087043187259333,1450.8076217842238,67.10619478400967,1,0.6899911963543062,651.4608447549494,0,0
28.831942382861996,959.5322186259825,88.19268498996747,1,0.8697592495676884,621.0266031517899,1,0
22.930525288625716,963.3509513581437,55.553198543327944,1,0.7969115657426298,443.9434573845639,1,0
27.30398621807984,711.6179287776381,37.01479443353672,1,0.346495063176825,223.86956597797212,0,0
17.388328408591278,1189.1859170540756,77.15981534045942,1,0.7743985370172556,582.4142274132048,1,0
28.989876272909527,1190.6352508658708,30.543175383619715,0,0.2624563029848903,605.0338626524336,1,0
22.224453860358253,1157.815040279982,63.27050835958558,1,0.32859216302805483,22.293707504462816,0,0
25.060848411414526,874.1558654305276,43.496133186652145,1,0.10790571722297615,333.1323626834675,1,0
24.535627493034735,858.6586463253989,73.91628531047536,0,0.9350766159804688,361.7891245212208,1,0
18.64225739553858,741.3755499190058,98.55939111964965,1,0.29100336340028155,523.6700402246872,1,1
19.234578341301088,1016.7745003521867,62.508203442445215,1,0.5206224651714518,339.3279134468612,1,0
29.83897234501713,783.9185341442997,87.22487795679666,0,0.39133283646619266,492.3730862350719,1,1
26.99496078750848,764.5166989501422,65.54489308657847,1,0.9599281205835015,457.8930119294016,1,0
30.250245207767133,915.2618566178649,64.70880217728168,1,0.3350491709384824,468.1701056924544,1,0
26.62329117751259,902.1687649631567,95.12964452251445,1,0.778545821422689,356.7211412598508,0,0
25.714953174046084,892.404294235609,92.2976108122677,0,0.85541615463118,372.20298918666447,1,0
16.369946906666165,1093.2889193680523,85.00603256315821,0,0.4356064974809659,283.9465880438614,0,0
23.648166516194152,1015.8095604300559,50.73790273217489,1,0.37817181445293124,576.0134881147665,1,1
24.86307839798128,942.3687938977764,68.15058910067583,1,0.747745820932628,614.2205257182736,1,0
34.76553599136287,1036.6025856622964,45.67280633139795,1,0.9128959803062341,345.87640997493224,1,0
28.434783160493385,801.6945917790736,61.07416886325778,0,0.7549317330722383,804.1280192034089,0,0
32.680305908547645,1021.0557247819356,63.89491460318534,0,0.2271263655918656,437.07971051159024,1,0
27.98768852947364,1030.1204985689267,88.21480281185316,0,0.8883077474377054,806.0371247593122,1,0
21.443483865252603,699.3906281285039,92.72198557274952,1,0.3875816674368331,371.5745652336793,0,0
25.585621080749256,1199.1387508740725,59.02340436775345,1,0.5762294117779343,94.6844446801129,1,0
26.181118231321165,823.7132589546009,31.239311155126604,1,0.831435619292711,580.4395649824703,0,0
20.30422215114659,1018.061959841287,90.32416878525483,1,0.1883947674004922,549.7090210237975,1,1
23.078063117035395,1232.882348107054,42.19950749509525,1,0.7845101356775531,506.87875906151663,0,0
23.97116503161414,1185.1353515427738,73.53173747232755,1,0.5961627979106775,371.5535043112021,1,0
33.02809916282559,1006.8666777137671,31.747963030389183,0,0.8933416418276082,493.0855549028362,0,0
14.596297373045108,927.5001994235863,57.9654532682395,1,0.17197040184354295,397.7481084260945,1,0
31.029092103580215,1189.5023817151134,99.01722114807448,1,0.42068223704092844,439.53008673364985,1,0
20.316023825203086,1134.938995561724,37.048552077266216,0,0.8328430928668374,668.326451153015,1,0
18.13960406365193,876.326995991174,59.65852063997496,0,0.019231703456760174,536.8434459060187,1,1
30.89971065019232,841.0212705996619,51.50049651329665,1,0.11220136676564285,621.9902774663955,0,0
28.659490346171907,585.5289636608004,93.3561686371785,1,0.9905652127567347,453.626298674842,1,0
31.27259351190595,1030.8063683367175,90.85380755351486,0,0.28039417859035054,431.596530839045,0,0
29.00350973772788,983.4604509963202,46.63891322143601,0,0.9755431937239534,269.30349382227126,1,0
35.29922500868701,1227.2382749285084,35.683145093530186,1,0.1825315510086739,425.9926774863606,0,0
27.793619184722427,1071.8110186960732,73.89968758427823,1,0.3610944430073356,-164.22291111782772,1,1
24.217613119384207,1266.845838834538,53.545809831859685,1,0.7528694445035706,381.95560673887303,1,0
26.714631886606714,860.5271544167658,77.04590734242441,0,0.6577784072381785,483.6251645618322,1,0
31.217345641729818,1227.6300661935236,32.24838292474701,0,0.5811223999290556,612.7347308540312,1,0
21.103123373699415,894.2167241790689,39.337946462424256,0,0.5298991758050076,446.26442449500865,1,0
21.740557087343095,1155.5192123584545,78.04605629408503,0,0.8434404436647402,569.5347084489999,1,0
23.45519992701046,708.2483214938613,44.865945871174844,1,0.23494856283339272,64.0422677219509,1,0
14.477086006173339,1047.0270598732377,90.03113730336811,1,0.4424709269935184,488.63262955861006,1,0
25.690392042087733,603.062411710818,34.10136213970948,1,0.15545229215645728,164.09944141731933,1,0
15.569356480244869,946.5725028116491,45.083738794990225,1,0.5959415957307044,258.3392968681335,1,0
25.265296564663096,1088.0707987755827,99.8992173939548,0,0.2505444242713202,462.5668904272278,1,1
29.326448780676248,895.8062897537809,60.31532718107549,1,0.3338420643433858,755.2527975747109,1,1
22.615617696780824,789.9124742488066,79.20759644812505,1,0.47125071662352813,574.2413526940118,1,1
33.38557935093436,1169.2236938591868,42.78641341999096,1,0.026770585703127847,503.6461994274234,1,0
17.69749550290756,979.3074420306153,72.69081144898763,0,0.09193793592083765,496.09392210657956,1,1
30.95630340815916,902.0858705938657,80.8274247858593,1,0.6859292207082196,357.27422135910655,1,0
28.375685282034603,1008.3791842308553,52.013364510655734,0,0.42896998071750725,391.2033173254633,1,1
16.419833758446554,1527.3338283891176,88.02279783831145,0,0.8647902219998954,585.4752090941595,1,0
38.55397149520266,1230.7005699563088,72.23923049305984,1,0.6946720036441995,222.9278963111011,1,0
24.68127357248017,1232.514733637568,57.238610673052115,1,0.008100941647322446,618.6108100566042,1,1
20.61257988922184,1087.1092637984727,69.03496753402109,0,0.6167123307671348,422.29858657622947,1,0
17.964564026079916,1033.2970545154294,70.3732593205147,0,0.09372486605971642,665.111414973913,0,0
23.89990986170163,520.7835423339168,41.587470488570624,1,0.7809331797904943,692.2186914464166,0,0
24.362965638050202,864.2039307073736,58.19126589068763,0,0.991507688278502,165.38319749885198,0,0
25.51322764269832,903.8851173595051,54.04014116136452,1,0.5311987942415115,383.6838473545564,1,0
23.5110192188802,625.0215871904934,58.06319058053883,0,0.6827795001941304,328.8944624118752,1,0
28.166126550575466,768.5168419569133,83.27774119396805,0,0.23731416089475155,137.4544069853714,1,1
23.061850836683767,603.8327058154732,63.777688522667084,1,0.43759774375379357,293.49334475811787,1,1
15.325179413797645,992.3352328605255,95.8221307267485,1,0.8560953322363837,988.251169053068,1,0
24.253192521751792,1163.7531941697632,50.55734893509053,0,0.16742294774625122,621.901979242488,1,1
13.162611733133609,1221.3549037248658,59.09925047994503,1,0.2655356056137621,883.4575937211508,1,0
26.76885315445695,1082.9568924158482,85.08697673353291,0,0.4454336752860302,665.8196880036671,1,1
20.103498848586824,807.3207317602862,68.22172153245252,0,0.712248891844014,351.6313677983049,0,0
25.816801774579,613.5869682960081,68.29197024971134,1,0.3758839547956738,423.6457606651914,0,0
31.57037490762302,648.6262601196996,33.73381141036285,1,0.9277322797830039,617.6872360480614,0,0
20.25625652366,746.2034845491003,57.90197639029191,1,0.09445705126871917,587.5012406946073,1,1
30.30628129256059,822.228060392865,48.95136126952127,1,0.3708041975448475,384.5315968583333,1,0
22.833052166569235,968.0503004016826,99.95345859817807,1,0.7089541234284219,198.00136588415864,0,0
33.76597401032792,797.1671563746063,51.58485494426172,1,0.22598676566149245,1157.552237477748,0,0
23.174236934008935,1067.7951787336524,91.91475743557044,0,0.656413134229673,471.7700655314389,0,0
20.797535072466545,953.5452994401054,77.33636145283342,0,0.16421695822734594,434.852221363476,1,1
28.436192251976443,1002.1091423482051,53.86414864344633,1,0.05598028486168638,522.6668927810604,1,1
22.82105135188182,1228.050110534241,68.04740648618866,1,0.12101571674864886,451.4542821377943,1,1
20.79275242935496,763.953653159926,88.83751159644356,1,0.9299847831341347,524.5457815410967,1,0
22.610800746481043,1083.7409156584736,91.83578086216383,1,0.5517508829395513,757.3894572232839,1,0
24.776967339084994,997.2053543047854,41.22757125043017,1,0.796345775479649,475.09030406271523,0,0
31.71090065622427,933.302743806061,53.77011988457187,0,0.3326545009050512,267.4579121344477,1,0
15.329561272702115,1177.051264173192,53.46562261495002,1,0.5926586478854466,467.6712411042778,1,0
25.115403294752102,1175.8028309114015,32.943135725316125,1,0.4949521337049916,407.11964371801787,1,0
28.124517973270216,810.7018408023143,71.87664318963276,1,0.945737959402294,784.7797874493702,1,0
25.96724287495898,963.5678832284152,89.83740370945316,0,0.7475746360541103,734.2238129475141,1,0
31.549325847167673,1056.242336516813,56.71020714778625,1,0.730542631496579,521.5050000861597,1,0
24.62827335120738,945.3986503954831,81.8025161488924,1,0.04635326943427953,244.2528290361487,0,0
24.077242789070276,1117.0042664575597,73.93902895205179,1,0.5496696690036911,254.82154731201084,1,0
27.961647735066716,1056.238403582055,56.295411484510055,1,0.46699145390181485,503.0246523169107,0,0
25.49656907475675,1366.5122480712025,39.87418596446079,1,0.9278422666061945,567.2645938642562,1,0
23.047956308597644,693.9441728140425,79.65266969431772,1,0.25734198818953224,425.075436134789,1,1
27.5807201979319,975.5128020505205,89.81956182588684,1,0.2698334532910943,403.96608315855315,1,1
21.737358533916776,818.2994976975617,78.00981446810442,0,0.4113462488815004,381.4401533642706,1,1
21.944114239903364,1120.821491087809,31.251493882437266,1,0.24336971340637603,495.32120795121074,1,0
22.360029891171934,676.565621990891,45.13630260736939,1,0.1291839178087495,23.44752958538703,1,0
31.765345800832037,1069.2625420449774,34.863598941847236,1,0.8574148466508008,279.73467424605803,1,0
8.894918220071432,873.9903137303318,69.92702697033587,0,0.5582765244039158,374.5898309105299,1,0
26.97799417381471,853.1676267757972,82.95343751882888,1,0.8613627189565668,741.5006389903841,1,0
25.17135907100111,710.7003592918625,37.740543094806156,0,0.8311347654036959,337.23727161421414,1,0
16.595647703809398,906.9848107597988,88.68364744153698,0,0.2820423547896711,536.0936283662413,1,1
26.548633895680013,1216.9001060581852,68.88562848768382,1,0.547737444324274,545.3085501861992,0,0
27.37875995915766,994.9622632941041,78.29783084992074,0,0.08321770274007045,759.5833011321524,1,1
27.948196156787,1125.536083574895,97.99812940260523,0,0.9152518840307584,752.51548139283,0,0
11.740859684775256,1332.928364393255,35.85766917733881,1,0.4042627150651531,488.49940624101674,1,0
31.831947059272192,1052.7511169645152,93.08568160844524,0,0.39367618388902137,404.90305176211143,1,0
21.311316476575797,888.2400855875319,38.82718871911865,1,0.3027553706179532,367.23337943486194,1,0
28.43283873376588,1093.450443036558,57.50711646456776,0,0.4606637447107038,451.7873555068438,0,0
28.70536890341143,891.1407707371416,89.600708743178,1,0.25175938654544805,413.19332913528,0,0
20.616514571903537,899.1154633405661,93.43779657165078,1,0.37485227279680455,610.7254818716464,1,1
28.30229976175775,696.021440076203,65.44601714816017,1,0.7999470485848819,584.0619634970409,1,0
23.072533795438208,1185.2514982168784,71.58732467927976,0,0.8342555035851719,618.3602382290031,1,0
14.643114103309214,922.7994848701121,79.570313421899,0,0.30418247762851613,751.8567422872336,1,0
30.838709627638895,1036.4196491631724,88.29310679169,0,0.4690144305527879,872.5738242800354,1,0
21.1247751849188,792.8076142786721,38.50578186763663,1,0.8738197762800523,524.9326786815113,0,0
20.72753268630973,1087.1895259430944,86.70485157604594,1,0.052673331829697134,719.8927542791307,0,0
22.984670659816388,847.6117523729832,63.68933053581317,0,0.8891449619957854,429.66796323315697,1,0
26.36118362663694,971.6582556596352,61.543639757571825,0,0.2191843456523317,737.0013967166032,1,1
24.713647945889488,1175.5652062478252,59.67298263978988,0,0.6785392442143758,712.3018314351689,1,0
27.74033462353585,1158.151862446506,65.64481096722298,1,0.5825516963846002,701.6831939885983,0,0
18.302553167356706,995.5939854966119,96.15353873762224,1,0.5529407481892521,518.8139682383048,0,0
21.288068147846328,646.3737934586563,68.37426409545061,1,0.8593602247528214,366.3283672018223,1,0
24.42001463839233,1598.5621140121284,96.72242767841975,1,0.10157214364466127,221.0943124269047,1,1
34.48943646329353,1349.1717940546273,42.62030914309484,1,0.34702802532563604,491.99255849578014,1,0
24.43093730793121,1144.5349649776597,80.68951851828432,0,0.5382527463447656,806.6025084498366,1,0
30.42611131830816,849.3592436818059,86.8567677026123,0,0.8112888539460398,438.03101972718537,1,0
25.192775843921588,977.281567659607,77.53901819344034,1,0.2164430834116715,657.0253170920109,1,1
22.581706812812158,891.3159140446966,72.48455961585782,1,0.8029298413742763,668.7902801037862,0,0
23.766377879427797,1252.7711878192777,69.53689467603276,1,0.39963848249393574,443.2627558145654,0,0
24.157901439855593,1052.5005781703667,90.26513378050872,1,0.1889138564336954,763.2689675039039,0,0
28.018228694803692,843.1672283280334,87.51526180151501,1,0.7589864404434826,-81.73214889610074,1,0
31.873056337882772,905.8489801750436,38.56021048264196,1,0.09089890147454782,255.44994425236501,1,0
26.798404238431605,1224.237628513981,89.40113599216147,1,0.5147673740754429,316.87354072830806,1,0
30.935388393708777,1320.0195693640958,58.98480336083097,1,0.06387578386188841,336.056995426522,0,0
20.176051311851573,1305.6663126972492,47.75877809970676,0,0.35641785515778757,567.2525902371791,1,0
22.926847455929845,1151.4064130107954,90.88379976097481,1,0.6010767990063927,558.0075606107804,1,0
21.378487328961665,949.4750262394726,60.241735974361916,1,0.5561155414872131,578.7981144350016,1,0
26.57222295437426,351.69723493417587,86.58552831237716,1,0.4046554179046665,619.2162988264975,1,1
23.20520807410293,1059.4320047616443,48.438252836909115,1,0.4290479939721157,309.9790861708701,0,0
28.648864685170977,999.6342482311799,30.275052499555247,1,0.22676955335076654,256.3647866385362,1,0
20.34499144183779,1027.9964192642708,64.6821435032061,0,0.4558825884241029,579.2639364015726,1,1
25.215154866606408,1010.7794694066413,37.015977965001895,1,0.9532548557208342,373.9535852707122,1,0
28.43428955506128,734.7475676101685,82.80631688674367,0,0.8504529177837904,185.9049909264059,0,0
14.673486124796948,1111.481711370237,49.32525952485872,1,0.1452328690763438,694.2688569082964,1,0
35.608156536651016,1126.44326280637,61.055195262243515,1,0.02978078732092093,779.0203813004596,1,0
23.58424057560062,1136.4677564119318,36.0923495564088,0,0.9335243127166306,811.4321779397319,1,0
14.874800431619136,1189.3154007146773,50.06614739130769,0,0.5267497498807476,537.4015442949441,1,0
25.79046949288393,1120.8103289843245,84.70431702810004,1,0.5378378231493077,625.1864191945805,1,0
25.167217339865754,917.9941176922179,40.61115383316236,1,0.7807179957065223,773.9736446723822,1,0
24.590528102137537,985.832630416782,75.30116927888702,0,0.31468897387132655,371.7168419953132,1,1
29.95595556463333,1018.2249734506754,94.21980969631508,1,0.48190756883600216,722.1355368108184,1,1
28.73722485713528,1021.5398898213236,77.58857318304041,1,0.9686629131467376,555.0792468286418,1,0
26.489380955119227,1199.643531194346,86.77151825045587,0,0.6721486869324071,682.7423304685182,1,0
27.250778169733238,1128.7337506044983,37.62801405127411,1,0.15374503199578593,537.218604175187,0,0
24.478207752809567,1415.4686879139906,47.55122782014381,1,0.1332267479843533,759.2513419496004,1,0
33.877454246200244,1441.2937959769345,92.61771965684137,1,0.2042647583330054,544.7047525083074,1,0
17.604019908211168,1015.929916522785,80.05739295326624,1,0.7667116744207175,203.20418810651648,1,0
25.698258371079483,232.66889030812615,74.76876784641178,0,0.29537700384061605,790.3853264629445,0,0
25.3251231559439,1247.3664932254533,76.463671528519,0,0.021388846675079787,310.4938518055776,1,1
29.066402030322966,891.9247322025891,58.99403880132504,0,0.9441743635056619,750.6116420487829,0,0
20.7807306128755,839.7032156337987,33.11896421323573,1,0.16971341639491067,481.9514237119356,1,0
16.28163698801732,920.3109450021266,84.91090794495103,1,0.009558186148068581,735.2021970395413,0,0
25.784115080490967,910.6713906370787,77.50992653507477,1,0.23713160238332298,726.953722973353,1,1
26.406152461093022,1122.4539620210785,63.09631248789073,1,0.2350287871181337,586.0285948630742,1,1
32.447997047238246,688.1128441747549,92.98317307577801,1,0.42200525084572305,601.7070635254262,1,0
18.648189768374568,784.4558508416796,53.53117654895692,1,0.9203898315000368,584.5257234385132,1,0
30.7734688335836,1068.6317108394833,50.60252209618652,1,0.8791849177790979,97.23504874378443,1,0
36.837071820135606,1124.5888060826617,91.09574275556099,0,0.4568945549824279,523.6660437796404,0,0
23.111175562387615,1128.3083289872025,85.78913583312898,0,0.4108999049918065,276.78716478562103,1,1
18.54528890253388,842.5927442133402,66.04858674538414,1,0.5550090864748513,534.2374287491326,0,0
22.965128168133145,804.346870146752,39.1514317620495,1,0.24345401197176575,271.4114907233569,1,0
25.070024836856902,898.6730332424162,45.055003002553676,1,0.05218499196636284,263.009611754785,1,0
27.818939375034574,1047.974550456945,75.93595932861646,1,0.9392241361712067,820.9869003507804,1,0
22.04302635080976,1297.09547385451,56.952886648828816,0,0.18669898487717274,713.8894776248379,1,1
32.77599267073671,590.51256284585,88.55312341661798,1,0.1984007292457164,499.17148301116913,0,0
19.427338424959693,955.8542486083267,96.49685065325428,1,0.4724603288539476,536.9537300498048,1,1
16.303974239136,733.4643117949593,86.39458476924428,1,0.4916133448403307,450.4167948513982,1,1
30.533552121436585,669.551464529302,56.428179609688996,1,0.018434209700741944,613.9752751959046,1,0
13.626894843969001,1193.3913290689634,85.20805004619969,1,0.1479547387739707,364.789126690239,1,0
23.97935115563642,1108.9249148998676,54.60091714294784,1,0.37815481856074173,698.7480525735915,1,1
40.588405646040236,1089.8867031894524,41.69700614359437,1,0.6837306935105391,449.38263179717785,0,0
24.939782235200344,1184.2051679461988,32.33752434061002,1,0.22841845683193585,416.0306008337542,1,0
19.39616174651875,904.0562206467728,57.000169893271405,1,0.42301444624176265,504.3426036969685,1,1
24.713012681066033,913.4724967332943,93.24915125880973,0,0.5573450647164668,381.7706340148779,1,0
24.74599605690233,1437.1461233445148,46.72906114289735,0,0.888592494623292,565.7364698992966,1,0
25.803249701765584,950.6857891480852,44.45592154508488,0,0.3260705023271233,392.52748213732,0,0
28.3113149107981,1147.0264226108181,97.88745496687282,0,0.13355826586348352,593.7047205637672,0,0
19.804444158161303,1001.276308192663,31.750287899541448,1,0.4892722258976082,743.2013077822953,0,0
33.437740276183966,630.348293984317,85.0047505275628,1,0.7467216016840621,356.13566263836526,1,0
26.22557142186309,591.0741992397463,52.495896901860924,0,0.10985975705273343,473.88490854096574,0,0
28.63397023200902,884.203156012019,32.62415698087615,0,0.4246834916969604,592.2661426070844,1,0
21.859253001221788,1211.2202503339977,94.24617781467086,0,0.017785141262483428,412.82852900371864,1,1
31.431910684977666,1157.6583313272008,39.774963114670854,1,0.033559181647251135,592.864112165333,0,0
23.714737955934677,1182.8154328448068,68.62454986079868,1,0.4829533632166656,611.079772130348,1,1
26.387762567467657,802.590764212737,49.183794520068346,1,0.29819729815092944,716.6523552588608,1,0
20.334469614064453,1323.1744980244628,34.56349615292837,1,0.8451072990054121,378.80199078301763,1,0
20.015341867989367,807.0213399627231,33.494573996436536,0,0.6021543061264543,311.4449519539051,1,0
28.441026532264413,1042.5648797339938,38.08896891854371,1,0.45393296174299036,438.4845220872512,1,0
22.78196584896307,997.9295420184527,34.995690972256604,0,0.40793537105429634,306.44953209058,1,0
20.730884562478114,965.2252359370827,83.23906808639461,1,0.49724548018956327,612.8996408094994,0,0
21.78408328986485,1267.7184276591213,63.989634159840044,1,0.04043883121266134,267.64973996471775,1,1
28.494765358587106,858.9778959668079,54.002446394428574,1,0.8927933564206599,966.6032836505376,1,0
21.854810693981946,730.0789488576145,59.2858237092405,1,0.9983031557339583,759.1855723147501,1,0
24.41172534198918,1003.9990972412838,95.02627149008363,1,0.18148712485869867,502.51515392006286,1,1
25.075138751435485,920.0346531426947,93.7526268916703,0,0.12038296477461974,673.4788985995951,1,1
15.413255569948506,1675.4765838165292,80.09735360858039,0,0.14357746344859523,172.63962713784167,1,1
17.64436797313241,1135.301495287995,91.92776641951815,1,0.6610270582343671,1004.6746662799115,1,0
26.681389446237812,918.1318849562751,52.37536193113374,1,0.6614408384507747,381.9570775599021,0,0
21.314853194236512,788.7776861625827,56.677652820579794,0,0.8479241622784109,475.9005172201281,0,0
30.283624556402092,623.942317886243,72.95985272979595,1,0.7518263884262533,128.8133425623127,1,0
29.834035521252723,794.9561828525134,73.6538163108085,1,0.44968967336933974,597.257460948179,1,1
28.595843331777186,1022.9883543518264,63.718988660863864,1,0.6128553615653188,278.7311685845782,1,0
34.09885893656299,1285.4657303189538,58.046049390656734,1,0.6882846703680079,520.3311523132058,1,0
24.584553361284083,1224.3378284775838,99.03262181260865,1,0.5127364702852252,391.1451134150924,0,0
28.244409629519197,1045.8189663292758,87.47865382824071,1,0.47565098445163667,284.4512130139313,0,0
22.077995117019846,935.366466859503,60.44861385216316,1,0.6450974456426533,339.12769964747656,1,0
37.26184956434362,1053.7624712824309,80.9104734067698,1,0.5574745489756537,545.1576068171042,0,0
34.918168262180096,896.2724005030848,48.869318527672164,1,0.6439423053359103,243.70180542623513,1,0
25.05940217258896,1343.672799152775,37.011852836613095,1,0.6128547739633639,350.23766579528456,1,0
26.93293114952596,962.161963744984,54.670171788691846,0,0.7191965605136547,632.6546762528956,1,0
31.796487996824027,982.7324283506546,58.2080960086376,0,0.6428035087828761,1020.4959749748626,1,0
24.264302475929465,556.8355149958663,31.157598719246955,1,0.5197424864372673,595.5177639106009,1,0
21.716879646001477,960.9130306954472,87.03544011451272,1,0.6817968112843865,316.5476715645425,0,0
29.369948755034414,1167.2968275929882,55.14353816724271,1,0.44948196518542805,426.5771659855378,1,1
25.39219623041835,786.455484592291,70.6292716046103,0,0.24167122597260104,506.31780123051567,1,1
25.914972248226302,849.8559331014375,35.17742310896692,0,0.0014182201339154599,430.11500987285854,1,0
20.828643284660174,1158.542203546733,42.24977801254088,1,0.5599641471458432,680.6116333473866,1,0
16.41163925818302,704.6685552963893,92.2785607729292,0,0.590655226608641,543.4946966028449,1,0
26.180712049395506,1211.5602015083837,72.60812695179605,0,0.9720489647757143,681.570476981974,1,0
29.524810207471,893.5712219653796,96.51988351193398,1,0.36147833409427554,437.11124194047414,1,1
23.87096625461979,922.2863559017594,99.91250240739218,0,0.39413324282831175,765.1000439442514,1,1
32.182147597794334,775.2243189748812,56.03020807331661,1,0.20179958134219023,466.7028831436908,1,0
21.480418372922276,1075.6092520855766,50.91621448582922,1,0.07053429523732191,305.76202617240165,1,1
19.7264777251704,1491.974397005876,90.08492386113677,0,0.7728044928617406,935.4640762084442,0,0
24.663848464019345,1156.2994478921264,99.9027998926218,1,0.24968106433932502,135.00445060777662,1,1
24.587037123243547,827.1429476118929,74.074886396272,1,0.6089048610300379,352.2522549390145,0,0
28.849843656676114,1227.1241170982953,85.65985057580656,1,0.6877730355454815,374.5944296339211,1,0
21.125185879680075,936.6640908131501,84.72221011706921,1,0.4712366872916477,1001.6612546113126,1,1
31.840471184074488,1274.896996285512,54.87377957536829,1,0.8763521130271916,861.3717768293023,1,0
34.834584812541266,1161.3352804328727,70.19892661799611,1,0.44379484097972877,798.7856287284395,0,0
24.80427986515829,411.3716869056534,88.31398588849495,1,0.2849086230417651,433.86826752473365,1,1
31.248552100921593,799.1840734089945,78.16797133827387,1,0.8960155229616223,985.235600768355,1,0
19.7175146468737,1188.877044567078,31.481466978742677,0,0.8615642842499565,573.6704007681942,0,0
30.37610770590958,1030.3314544290035,53.56939682282734,0,0.164039947076413,695.4526740606244,1,0
30.236382042797313,795.24881045843,40.113298761622374,0,0.02596101835392095,535.9390762212414,0,0
29.317186400949392,873.2820969012374,46.308054845462735,1,0.08998555634962069,490.1066857353497,1,0
24.92218455564853,618.752675982124,93.3842634243928,0,0.28654739855381706,449.64426521472416,0,0
10.228755293789844,982.3253424947208,32.58253022375377,1,0.9722598017417107,458.07200131616753,1,0
21.791364281739355,1442.1379452031529,45.38604983733466,1,0.558516153160825,621.6983297356157,1,0
21.870419911576988,1160.9866781464652,51.6698546566762,0,0.3732617320292688,573.4399597550776,1,1
20.10872530969761,1438.0834002376846,73.18188503764765,1,0.8887160946127464,493.70572595926325,1,0
25.61121502273533,1176.479417957996,67.38711830601059,1,0.45313633147849963,801.9047985397708,1,1
22.905182772393825,1205.4958686705384,45.278863799737024,0,0.3152386284010211,-93.35061374814609,0,0
20.87693995117489,1394.8157375490048,41.49687470562081,1,0.9412195287456574,601.977449584239,1,0
19.7059992587609,1075.4526518684452,46.57586242172832,1,0.849517666192678,643.5477413317958,1,0
21.422435072573855,962.5545356986239,65.17707386911589,1,0.843668375419441,729.3925736510339,1,0
30.60749605924964,1206.5315033244024,48.98244499978424,0,0.5122847430502131,487.0257117893278,1,0
21.69487472686253,1290.768047424377,96.33217511254055,1,0.789438398815455,541.5840134767915,1,0
22.425306467833636,904.0070714575583,62.470565500019326,1,0.17935335926455187,697.1896766629443,1,1
22.71651192488377,855.6861835319942,34.11572115812459,1,0.5732229575562436,798.233280856036,1,0
26.694967569047098,1027.771206486176,81.04864840856433,0,0.9838459228475457,439.89280296424636,0,0
27.281247442642663,1166.2997733863324,53.019170174629274,1,0.29095843051796166,553.3951566255121,1,1
9.77671730378419,1159.6182097323124,75.74422524407733,1,0.7943523292476752,835.7147928697515,1,0
30.10817606913804,715.1664799624803,49.57160593662624,1,0.49047840720806724,75.19458482422976,0,0
32.18184017121877,1382.3212134126643,69.95206192133239,1,0.03980568322208733,361.99748003708294,1,0
19.749067313191652,871.7670141206299,84.05067533652252,1,0.7630193978156674,793.1671957205926,1,0
20.13850877632583,946.9870006222841,94.96061192421878,1,0.1685691443921128,718.5075667216606,1,1
22.74873306110864,819.469128002436,48.27890011031539,1,0.6314735671327502,604.4890421853388,1,0
21.219979902716975,1539.6657671874175,53.43998656992868,1,0.0856641940469729,410.28062537817596,0,0
26.11963436973303,1048.4141340575934,62.49864942001578,0,0.9468673974959648,323.6363002029161,1,0
15.267373568205679,829.8049838636871,94.90223864151922,1,0.2917238871803609,381.75687615152526,1,1
19.4103619598163,1172.7847099924893,93.09707997674599,1,0.2264646916773949,809.6016441637385,1,1
32.69598600087454,1153.8271558620065,36.291479607044664,0,0.1291364040663343,374.31146216893075,1,0
20.35890016325991,962.4545952840232,39.235087802766756,1,0.9460021933390478,520.2845928479315,1,0
31.217141390514627,1168.1213425566766,64.68564241314468,0,0.7119037424413052,349.2584710276508,1,0
26.776690977950686,834.9416078338271,37.463349096379645,1,0.7416608887180887,668.5548060198054,1,0
15.953661427058709,901.4163450101496,54.19066113440883,1,0.4994045613802446,392.25474393071175,1,1
28.17664597608103,597.9566690867874,40.386976475223435,0,0.4747277852704834,480.48122196911714,1,0
24.411663489035732,735.2097831560875,74.522824859232,1,0.11002124299147664,163.32357339143488,1,1
22.722664718751297,1361.526161134137,96.46468022174132,0,0.5598410955839918,177.32635275901202,1,0
26.22478546586002,1328.2857255444628,99.7713639206067,1,0.24691649510879043,501.53463866430127,0,0
27.373167427833963,1013.1577297297925,56.26687927478404,1,0.9771453328004058,234.9685689604476,1,0
28.5379591098731,1332.5862894379675,71.93088459802286,1,0.7965809400151473,921.0173278669005,1,0
30.89126423774001,967.985102678339,89.9387357466857,0,0.4129920601928876,87.69537757755012,1,0
27.040679563891782,951.3179394864184,38.22234509574688,0,0.15134125869153303,339.96494026717914,1,0
18.121829556068192,1011.3021296931113,78.26950877363754,1,0.785331691138784,503.3401734535101,1,0
22.631772711744045,975.0156809352869,58.61905632075478,1,0.12205376708131599,426.9734124408431,1,1
39.715241676343105,956.9607352879639,44.430231219611485,0,0.1893337534970705,279.17090866721617,0,0
28.622455301908637,1228.6796214299106,58.19275331232094,0,0.21152051774422742,308.4144321009464,0,0
36.846436504057486,1030.0271307912406,35.31722008754418,0,0.5568906382730944,301.8691845001523,1,0
31.977170410995924,1142.4963528867609,78.6785004012514,1,0.7870566539903663,442.6556610359874,1,0
26.209010357778745,1206.2761050554661,47.69198681239172,1,0.3143148787246922,890.3858179034847,1,0
26.50703534890559,1077.6371591309467,51.798395153141456,0,0.08466981427528941,515.587459311642,1,1
24.81709980061577,805.9457348183522,38.47569087690239,1,0.4645384635244192,736.5800978775048,1,0
16.3109769207675,729.4268222071922,90.52613797229242,0,0.7481102411599355,601.3952691656283,1,0
25.090236262341122,1029.756126961461,64.54109954979171,1,0.2216638430873883,722.7724795964441,1,1
31.053372762710985,965.7487390350132,70.05028144504803,1,0.21992454803937422,-59.99286051871718,1,0
22.00180002589398,1017.4782857840244,69.86028781663983,1,0.9472270273467108,439.1083957703541,1,0
27.05976499530905,996.7891921502828,58.73451801789392,1,0.9541537271191779,761.4270846301428,1,0
29.257955229465985,1516.7147320333133,43.47709408066976,1,0.9904657320615764,385.65283545013324,1,0
20.451597803437622,733.9547488717324,82.159292394888,1,0.8076596015747801,852.4946329739224,1,0
22.743485678281676,602.0107460357751,38.893938575037204,1,0.18818416916794556,796.7780307535522,1,0
19.910442547614203,1066.475366703922,37.27116531951673,1,0.21198152079926136,406.1738567745075,1,0
20.889171966552965,924.7154890823609,79.71015263175524,0,0.340225241522392,399.36729619072867,1,1
18.561973581734694,1063.2135739459902,44.61859143163887,1,0.31813253133349084,297.27883152910624,0,0
20.497757693109868,1116.7766044568002,51.47409259469826,1,0.9565277490780091,374.08115362724044,1,0
32.09727840398919,1256.8209390357795,63.26592269012182,0,0.7890739828816936,253.48218716621696,1,0
20.422614854548538,698.5548359232123,61.454592171068235,0,0.7240087921615539,585.7622360866011,1,0
25.63229609530345,888.6564204285673,79.60053875454994,1,0.18596322405813182,208.79070133071332,1,1
22.485656231645223,1085.7522517761527,73.64022554103528,0,0.9095255593623296,620.7466032380444,0,0
30.894329685184694,1154.0927191374453,75.1077313597306,1,0.8278703795061738,625.6157393800497,0,0
31.555811483018083,1438.689910057677,79.983803145882,1,0.1636418413279237,167.75911896321549,1,0
29.320349910694734,1191.1407942227734,50.48289091964257,1,0.8711703319609725,809.9637212656679,0,0
26.530672765513778,988.6422808227446,52.563331826033156,1,0.2722475363704713,602.7218588830444,1,1
23.84470231579551,821.9128494114677,60.659842352688784,1,0.08086974583210604,649.9396042889738,1,1
19.040626479043752,887.1420294561962,51.52235211234682,1,0.65682230651421,348.26695969144555,1,0
34.71764440561098,881.4594354085787,98.94565082796043,0,0.6538046593843306,624.4758236946237,0,0
21.20163491123723,1131.0467257027522,86.98363484950008,1,0.09493200956561809,725.2786899444131,1,1
28.318231735164208,1051.399489117166,41.52582817792207,0,0.3188518089365824,480.2783201990645,1,0
30.297827863116986,735.2700858315642,30.391590911730866,0,0.9928144622555386,900.3844918496723,0,0
22.22359751547335,912.8197061819134,32.99482877730875,1,0.6784266670087369,508.81292698258756,1,0
30.19006263657981,1175.509510690284,47.08444157300477,0,0.7300751666033292,728.1571600904949,1,0
28.821066016694278,1070.3324709948117,38.000390008579956,1,0.21291728560430567,558.601761451731,1,0
33.63981917690883,1113.7289232025541,67.33366804248004,0,0.07878207100391432,617.1043065713735,1,0
22.653267667866444,1076.5843420114527,90.0596655909151,0,0.27690168974093765,165.73354647304558,1,1
18.570679913601424,1325.286146921772,81.57251546392592,0,0.24889838519319196,574.2107476430726,1,1
22.472551222777444,1047.208612764874,45.09263441575333,0,0.2345441007480531,353.0049797485468,1,0
26.044267712671658,922.7954404258604,57.95094792180501,1,0.19275432188703956,330.72033884446245,1,1
25.29106363542528,816.8489917732879,65.55259466718942,1,0.5747556906554043,848.8206368931957,1,0
23.032810518627247,1049.9218916419425,86.71440946523349,1,0.32810347584182176,457.24595038753023,1,1
15.454012705113785,511.8591970449832,88.73851221743153,1,0.8203450150475304,299.3396338049007,1,0
27.352414980645534,963.1421996334576,93.68028183354431,0,0.183947417847384,428.1736743782251,0,0
34.861722395411,958.8320280157312,65.64716753520126,1,0.4646270708685445,239.90995421561723,1,0
27.321256190615017,727.1058292765438,78.5992322505104,0,0.013657836426079983,786.776893639254,1,1
28.04567759526757,814.3468322688009,37.8260259863756,1,0.48168232245519205,360.86385116669703,1,0
27.86222653077551,1161.9315060296483,69.57022719677875,1,0.05583822087647439,605.8599867887339,1,1
26.985233349412,1046.1423498149925,47.40842666297946,1,0.9777235118726436,771.221342842065,1,0
29.658329834340474,1020.3576667414656,60.22018195186278,1,0.7905921286504128,399.96946375705414,1,0
26.97686840592833,1061.2695067864045,74.38353558147035,1,0.4901114766364554,606.4044864545572,1,1
23.43661415173362,1018.5255175897847,47.98901564976468,1,0.08658735817935026,293.982789019114,1,0
21.02005544995623,1248.5725125716629,33.65295404577328,1,0.5924454407904143,989.1539138227367,1,0
23.755131723596623,1024.6858363407298,30.716369948613025,0,0.7587637507018775,687.2760269233245,1,0
26.570647482253328,708.3573772362499,31.55116748811651,1,0.1907172530047453,461.4787122478388,1,0
23.41958519438513,1326.025992974882,30.584481625963875,1,0.5682083407874908,345.43325382220723,1,0
26.57169341565715,1074.068053465769,37.72485395905128,1,0.814210898382868,477.20068943207474,1,0
27.195750668502086,882.1492538409865,46.76421001990909,0,0.7682477776463164,432.00325552969616,1,0
29.16589715635091,749.3196563409963,45.48550599276094,1,0.8029920178671529,890.5889107999013,1,0
31.413974844194904,1079.182844191609,99.07576159259277,1,0.8793234248697198,254.89305555701955,1,0
25.390037092394287,976.5655990051249,51.42042736462602,1,0.9376821021594702,526.9602846580407,1,0
18.461117174261695,1314.8293572064817,38.919454835157936,0,0.40552115520353593,496.332386673258,0,0
23.274479515904048,930.8185438666344,68.18937809174307,1,0.5687691025228773,476.5179399310261,1,0
25.220312837032996,832.5238420635067,90.05702187782558,1,0.7906595260456108,478.2766690123315,0,0
15.821156219114549,1179.1592436471856,77.46422637513726,1,0.6971398139457832,476.7858379759033,1,0
31.94332260051241,1185.0563785433662,50.72574623948152,1,0.9955202282643788,674.61321326642,1,0
25.711889562552333,1033.7302735220392,69.31313118540186,1,0.01367765110464414,621.796889298487,1,1
26.906764172901426,1135.2714095349816,80.03991819402864,0,0.3551332153157907,583.7823222745573,1,1
31.82763231263133,992.4625758515524,80.96731446574196,0,0.28102792627020245,-106.79787242905377,0,0
21.849285849288265,1046.7730202018495,76.65769187083822,1,0.2623158501655346,559.9589748326327,1,1
27.87020965442015,1232.9981765127845,90.95672973429326,1,0.22252978249888578,168.8721279659835,1,1
24.45067938449032,1125.0636668043005,90.9073820840873,0,0.7091238408152291,629.2640326271651,1,0
24.079565664920402,966.145112333475,70.52555915849024,1,0.08475947327532185,794.899473514103,1,1
21.139038060978102,1270.4725091852301,60.08994583778486,1,0.7416088339433383,314.7521774822898,1,0
33.32801606843264,527.0289254416975,74.90992068955698,1,0.6934258420162734,447.64385553145866,1,0
23.122499799622144,1410.4146622843868,87.27484009593242,0,0.2508041325008964,380.1288589894006,1,1
28.49732123447851,658.808181021853,30.39564733888293,0,0.25283378316516125,747.0863551513602,1,0
15.624963062640319,874.5814350455408,99.43979063103957,1,0.6288605853445022,519.0055770544146,1,0
30.899942648448935,991.8164929609862,42.802564063043945,1,0.7621711054836778,845.6658761132667,1,0
30.261055779785295,970.7038658543677,62.91742899619833,1,0.8764856130873655,582.7508405894775,1,0
25.487170551486514,1201.2822080053108,91.04208143900067,1,0.8521395638544758,548.4900361271639,0,0
23.865287669310376,788.4326762779531,45.752827933093954,1,0.9648829941638531,513.6413565205672,1,0
27.00000002806783,1052.1533634966127,63.37566567302682,1,0.5813848953365112,663.5984198514674,0,0
36.44395330440145,884.3575803560492,39.28075261268254,1,0.9086555613403596,152.46276035093132,0,0
16.183816505482575,1059.0281958674834,57.65534277717348,1,0.8085132732604108,517.0687911041019,1,0
28.91013693787064,987.0455480404247,42.39948183551017,1,0.8946676243140136,485.990711254407,0,0
20.441913489230487,1018.5871305365956,55.45394241398099,0,0.011626601285366633,645.0837654315533,1,1
24.900408018501345,890.0150335071309,56.14249517549054,1,0.965902991865811,462.4596788251926,0,0
23.760599404606683,897.9872099807835,99.52195527188329,0,0.4735301628464783,292.253113167466,1,1
22.858408711011222,1057.4545028054854,99.63691205126406,1,0.7981829895748429,501.47013498393983,0,0
24.947674354736353,1188.743101151209,38.03503950624287,1,0.12720411933778086,283.43189422633134,0,0
19.32914427361105,880.3441331604305,80.81781455298432,0,0.3959410958139741,114.94755748250293,1,1
30.145902180639837,826.246491085418,33.62218357683708,1,0.2714606630209909,645.4244962970986,1,0
16.029282444007,1122.6920331343674,32.113441073603205,1,0.291658770500937,615.8123145389341,1,0
27.69882256414171,993.4992213884622,37.3733725971475,1,0.12325561995088175,593.4181887987149,1,0
23.367320737327145,1166.0996267971905,97.58399599055538,0,0.805763832543007,760.5856843891622,1,0
19.14537553096273,818.8405573257705,95.86044835262882,1,0.00924231458107816,366.99362193921496,0,0
26.011916852993476,644.1122149153139,43.57494741964763,0,0.3125054569852025,213.777171445749,1,0
17.21524456646761,893.3991836347332,41.31706348875981,0,0.17441054321641503,485.9940446383911,0,0
25.198569108598175,846.7294781469968,46.837456056116295,0,0.5890389406083405,430.4999400588179,1,0
17.885615460942226,984.24231998394,66.08828958525996,0,0.25425240261454385,331.5408566459863,0,0
27.306360421589154,872.6309571459221,69.8793242424787,1,0.25899845452809966,484.0301693024408,1,1
20.378213331848123,1148.20339026729,45.51154013076132,1,0.4883381439953187,377.6789707590831,1,0
22.745029914853454,942.3699475154967,82.96359516629616,1,0.6526890393409257,132.79894332863375,1,0
26.46974693971581,1030.0948997547803,51.66872185818555,1,0.12130470456516362,411.76466184124797,1,1
21.13728944078882,1031.5269116881889,94.54919278705873,0,0.17551145246549615,272.7249666592285,1,1
24.710180001658486,1038.9910184824375,75.97058945197114,1,0.2471747445945176,546.3296143221845,1,1
17.43084749377573,995.1741779090053,60.54458360125282,0,0.9737482141179605,368.793048351869,1,0
28.15437801798078,1102.1201380820628,85.29384011919917,1,0.39715249994292035,722.3262948282103,1,1
33.82456902775385,840.8689732348384,87.25402382326654,1,0.5989900906310265,820.7732134535731,1,0
38.96104433954981,1279.8835853307767,50.333712392626055,0,0.24154281271597788,635.8762746023813,1,0
25.455840733332195,952.692523326293,53.780018068525905,1,0.4904595251574879,189.79476360333598,1,1
28.941020703985934,737.6901724202637,95.51686076100223,0,0.07411917438595805,801.0391997758079,1,1
16.096871635462556,1037.6146713983546,41.531872685429036,1,0.03474214592232694,815.144090074753,1,0
32.51367163152794,829.763903510503,32.950529187405394,0,0.4687335268214602,503.75810226158814,1,0
28.881142523620532,1133.066906901775,61.783872582668444,1,0.39865928751841206,764.5852320671064,1,1
22.580332775243836,1441.9211152084754,86.08469301705402,0,0.13688031969182768,389.6649723906644,1,1
31.185904001445046,842.6855816884299,84.01676744175221,1,0.6876014289207337,126.7508130300821,1,0
23.727619616773293,1066.4744666447968,94.36714402389828,1,0.9929034908992644,347.9431122756813,1,0
22.70987408492722,648.8988822590745,67.32404650583283,1,0.39564682119671246,845.8601732089512,1,1
27.376674627137458,1090.7810458882695,37.00452700965733,1,0.6245586359173945,201.7840152777053,1,0
19.683227500848407,822.857240040062,71.20822820352112,1,0.9629759423644857,499.9042563862989,1,0
30.10812382199974,875.0330763131035,84.4876930047248,1,0.8315349724468752,506.82877866804245,0,0
19.720050940365784,779.7427020320345,36.53296841888785,0,0.46355222330268575,397.40515120643767,1,0
19.74972605088407,1146.430245210947,42.08601807683128,0,0.7374894844599194,411.295680032577,0,0
20.451551057958326,1201.4608714946526,30.860346280896962,1,0.12813504025052402,514.4498268472405,1,0
28.79750018758061,1004.6770429317015,71.55568056127672,1,0.5121038554637992,387.56753161305454,1,0
21.91612319240146,827.1146589328561,92.0714074362133,1,0.27906027717993653,215.5883005664138,1,1
18.260021078164158,1317.9046072207725,76.94643212014697,0,0.1611636878961611,543.0063885886912,1,1
21.97160000032101,849.9179744490688,98.74280613136874,1,0.42628090625453485,714.6733164889945,0,0
24.839788146597567,567.5935400145122,34.41235567498331,0,0.13101455443361443,673.9145037306843,0,0
19.095137581678074,1091.6778019914136,93.21007596060474,1,0.6989851081744856,338.0529065220377,1,0
19.24159445482828,779.0450652716967,86.98478011706766,1,0.4562400440533355,249.75441692446486,1,1
35.556481670497924,1197.721758699835,51.99690643496535,0,0.5311446325646638,443.1624235690443,1,0
20.697172980930567,923.7724606653162,98.14685862860763,1,0.146375938668157,813.5583019591328,1,1
23.384788156134967,1120.7426481088391,50.15564237199905,0,0.13977166109349448,629.1196157919092,1,1
23.16381499600357,1280.3000693104316,92.25133066797528,1,0.5834154352601241,640.7929353588468,1,0
22.893215961147792,758.2282270758556,91.65240039519327,1,0.9850097478294463,677.9713903570989,1,0
28.106733699845513,886.8125738215189,83.03603316220807,1,0.09625058323772562,584.1533125037173,1,1
29.740714752360248,984.8657854685873,69.44293316689962,1,0.28573142856578126,524.1217095227157,1,1
23.47022784234204,1307.5102638068688,38.400192473182166,0,0.8694591165378875,632.4613793295936,1,0
18.817608567038256,868.3234564119109,67.23802141475488,1,0.07227201225523694,390.76677915639607,1,1
31.372201139244517,881.0992608101985,54.97573789584542,1,0.8758857213669513,217.10739772673583,1,0
24.523294544016586,1095.6281151111616,85.45519232087463,1,0.5242859833747512,644.5993869248647,1,0
33.651609074285844,884.5542548578858,83.06904445477915,0,0.40826677392642585,747.5476211498451,1,0
13.772070512174185,1030.5051765795233,93.74287551608236,1,0.30968056435145586,276.3536121287937,1,0
25.977016106416603,689.6925158063747,31.03811137021955,1,0.2971171581278419,664.38429648318,1,0
34.59303166938104,1442.8659885113193,86.63722517761323,1,0.3058025824494788,836.153142677638,1,0
23.23367932280921,730.4581539381193,95.69234371872682,1,0.8848030809601958,499.5507596485758,1,0
23.87253288332682,935.6494592019583,85.2510314375705,1,0.7237952301747855,336.3995630516507,1,0
26.477558457951694,993.5037928315811,39.11361219092567,1,0.6697230078311506,524.6037347053511,1,0
22.206020905575215,1382.5376268713592,35.68953733886214,1,0.7987491489520008,389.89320635985973,1,0
23.439640339736336,735.0308438134521,31.459166786539058,0,0.257114663004145,376.65397800871966,1,0
23.310924529042985,1396.7408270957503,74.01216580796498,1,0.6180428120817557,586.6368134543085,1,0
21.862896327868135,1151.4353642204046,74.0770856301921,1,0.46006623895795096,179.2541049940209,0,0
31.144282751002798,1083.4190648846493,99.08395999527485,1,0.7824416352001934,211.21421550155458,1,0
27.305390161482176,803.0732625964089,57.8630221872867,1,0.3092561104732855,503.85817607478856,1,1
26.25314116051651,1114.2282484076147,53.23343994282477,1,0.6431786168698957,495.53829221751374,1,0
29.042855034450582,855.30267551604,73.70974490290747,0,0.8822124118173135,568.7109154079872,1,0
23.678220833982664,1253.3322506396826,87.79260707553158,1,0.4021504761949287,875.0450776966777,1,1
21.128980908235498,805.7875941784534,95.57417646661013,1,0.06662208736746145,520.9028072151642,0,0
21.986878476927213,977.3683011087832,86.21869163253271,1,0.5160508223417928,619.6344300669589,1,0
25.008915205523046,888.9453823973657,59.86717864310633,1,0.34597248780702594,304.8934128770736,0,0
19.70394145813549,802.4954075146011,74.44399647184449,1,0.672225380547175,653.5875327033075,1,0
22.498694917066622,1148.263963381583,89.94095287012819,0,0.9510329247486061,394.72182697786445,1,0
22.419416790642828,1107.0917494819266,64.34267818182175,1,0.485608317996847,514.2841665162186,1,1
35.62278114914507,1241.8020397801995,45.16806505937749,1,0.46619023015553385,478.2302749861677,0,0
11.130925300330416,644.0249783583665,41.88064078235111,1,0.6545848001914603,706.5948469828062,1,0
24.101901392971833,1212.8341404682087,30.01104212046397,1,0.10349750359356769,238.00468912500008,1,0
33.62846896407385,1501.0897810713786,80.2766596486899,0,0.25350618892501464,43.352273076992105,1,0
25.60922232066227,909.6717821646106,37.776804619219334,0,0.9189793255003985,457.3134605824151,1,0
28.767087367105464,1379.0297224217938,47.06873697871583,1,0.6699426133637663,593.7062513810248,1,0
25.49913157549884,947.3677455880347,50.85134320659553,1,0.013444043983416254,530.4538751615,1,1
21.663333093917597,725.5180524877386,69.22659020957379,1,0.20462547255901986,746.4408474827823,1,1
13.790420327455434,938.8735115186408,57.857009410703846,1,0.682837266028899,587.4745348359337,1,0
26.027278435181515,1209.6407935350553,77.22717944162133,1,0.7643992025625742,387.230333628028,1,0
21.121966976988045,832.3647035336937,33.89470615300919,1,0.8398595726740419,34.91596917206391,1,0
20.99832296917348,879.9322681987026,38.67574359851076,0,0.2921768033820449,452.53755316095635,1,0
22.50506372010444,1118.707886458638,64.94480524732867,1,0.9310285962775626,705.5918004515596,0,0
33.72430703311747,1000.6120233477146,53.58753514927808,1,0.5529468935778924,421.5904434665771,1,0
37.02418771126986,1116.9245904973482,50.706935392595184,0,0.6965390223878929,505.66405273555284,0,0
26.086039687642003,1047.5659081516671,34.69196553262659,1,0.596738862779908,584.2720508613418,1,0
22.67616388044136,1095.9250639103145,92.7003422323601,1,0.12274005467462046,296.9415251500368,1,1
19.11386791274395,913.5397628380917,78.42730102875356,1,0.9631146593848798,624.6471793277635,1,0
27.342700807730346,1046.3461884060785,38.513270977375456,0,0.12287557989415265,827.4243580003412,1,0
33.91452800032572,814.5253988608133,34.553217041599844,1,0.2548819564111836,465.4373296213187,1,0
23.763298064874217,1257.6867245006777,98.24107734018702,0,0.8136278802229802,274.18711563353963,1,0
13.10501979623388,873.1450566365372,77.68207853076534,0,0.6185969615011014,486.67979459560524,1,0
28.350248359077618,1225.769497509878,59.22192497656191,1,0.838149165376357,55.12317827822625,1,0
29.926998557250247,953.2786078034269,79.12117285290495,1,0.5157361883740449,567.3806527953232,1,0
17.070771798070762,1040.3998021514642,82.94322505361114,1,0.37699323536663487,590.4548755297158,1,1
25.882420918314764,901.0070898218598,84.59735416721455,1,0.9218454995477849,835.1272587691125,0,0
27.256130080680492,796.8009137663942,63.45141139571403,1,0.03625231751479485,461.20104148667497,1,1
24.63446348995531,651.0479224789397,60.09179306873936,1,0.8561302203530459,581.697067629294,1,0
21.04614540457323,788.9351682815081,30.771965898823023,1,0.23081778518778162,327.74237952281976,1,0
30.07968611781778,935.2182293568156,94.85899805992867,1,0.8487363277539678,428.71457589498425,1,0
22.983101270156588,1042.3758357657769,72.23155148722601,1,0.1391966134168856,194.96291266756043,1,1
17.57406918650034,1202.0758626566526,44.22077560329777,1,0.5802189636905405,461.0420757433529,1,0
14.752627571651596,910.8485080406302,94.37223935950057,0,0.888107919011472,438.938169296287,1,0
31.30424759999655,823.6078471465652,94.04523312392075,1,0.4735396468988905,559.8399532177792,1,0
28.083319882355593,711.4570427994574,99.24289150562672,1,0.7465666738033929,375.28062393347216,0,0
25.439867735645844,1096.0127235808209,91.18395941972852,1,0.8046716178555584,516.6690701950183,1,0
22.798626815745983,1276.6389030658686,99.84490714740453,1,0.7364942087167792,433.3239888784669,1,0
22.355007928984364,1253.2660535912578,47.12803316862908,0,0.9253297368745983,433.70012234009715,1,0
19.621316757791945,1141.9865496294474,88.95747096394638,1,0.44683423051992865,516.072465192606,1,1
22.842721777200577,1127.7086634535199,87.61198161570351,1,0.17312543916515577,508.10458846340197,0,0
14.399563924399128,1339.524755941868,46.165825145451365,0,0.047811063702479784,652.2348078103278,1,0
21.31968173265743,1066.416292283362,36.890628430069356,1,0.2464598696375051,475.871393174033,1,0
23.44531241824453,1129.2259352048343,98.55943595743197,1,0.1431975038802421,430.0229301753994,1,1
28.049400235952096,935.8432276296002,50.72171860644272,1,0.5579487414344805,463.8385109825548,1,0
24.80036768313318,727.5913258290485,90.96242533274642,1,0.184945337211732,357.0671766318015,1,1
28.974615569377796,863.2302199000848,30.28890082722227,1,0.03893370728937118,428.0177812866657,1,0
31.745675525567147,998.168192293069,31.471736505372153,1,0.03598982886866786,906.2317426146462,0,0
30.290850469120507,1012.1570745002606,62.610991608745785,1,0.8315694983648616,317.4642478608266,1,0
27.352549236892784,1385.2571709710787,46.71002787545445,1,0.5914499314430248,444.26873322413815,1,0
25.05931339590392,1016.2554335182137,78.2888898405175,1,0.35808530189337817,422.5022673460619,1,1
20.096059957932205,1235.7686888051287,69.5895027897568,1,0.8942280427402469,450.5656775511201,1,0
28.699720256896583,912.9845516847367,35.4240058215344,1,0.0701966114077136,433.752138224321,1,0
33.39873691110765,937.6648228469531,41.38398074210019,1,0.9803220727278259,555.8480202441999,0,0
26.71053019825209,734.1984725553103,57.163448904088995,1,0.616291790254461,157.96497972164116,1,0
34.586295742130616,851.5343974246856,42.99228447688032,1,0.18346425396884847,707.4342945064009,1,0
17.372141459694582,1105.3962782727506,85.45556430707501,1,0.6790690989769685,626.5165599284395,1,0
19.229183076102295,1001.5120360788267,59.1249164887296,0,0.7633812597835626,251.42568278737306,1,0
29.27600753874131,1188.5877239794468,36.54023067897495,0,0.4293427833707745,46.18454540951973,1,0
26.321451050766257,1036.2507896690101,63.90400315904874,0,0.8616326062455474,304.58557077171974,1,0
31.568910882859036,929.5092536724517,36.358672674298994,0,0.1507324072964703,451.4667077145755,1,0
24.922641796366303,1429.6593727573918,39.0256113793872,1,0.27883758357760835,1016.058379738155,0,0
20.66012288735834,981.2192862573905,46.77268824197437,0,0.09349236158398977,608.6513929948546,1,0
23.93203378897479,1232.6001939410608,90.16693936732429,1,0.21087784060735215,138.4820701637085,1,1
17.33658014538133,919.7581586910644,94.72287726330804,0,0.23872881191114503,362.06889901981117,1,1
19.357046634514827,1141.9198958767133,87.83804105324484,1,0.9176331909217101,489.35751274540337,1,0
29.862219989590052,1185.6031318303374,53.38540521924931,1,0.0781096887511562,550.7367108596194,1,1
29.36393707234805,1041.6983941151161,49.07125087761821,0,0.42741512018770944,237.0502279379154,0,0
26.815021424030384,529.1034154606796,68.44089835531673,1,0.532398687226913,473.0019544045877,1,0
16.394612395197655,1003.6504921712226,80.52972123731786,0,0.8986930538021608,356.47217247789183,1,0
23.207982122435556,1246.092009551995,99.53609517121224,1,0.9976962186612135,279.24828747953666,1,0
18.875000556699746,1105.496166605546,39.20994983152484,1,0.7533881149198358,551.9191293397907,1,0
30.882666268938827,1089.1677750458493,33.45043993166631,1,0.9707909905690295,654.7754346885645,0,0
22.081389332186994,655.5486132084961,78.60491222966897,0,0.7871011325358738,668.2082553923238,1,0
19.57126144609225,855.9089858649883,88.25580484527339,1,0.9632026409714166,614.8772702267752,1,0
25.148980825607122,1082.2715262302877,89.24441459064963,1,0.7072707259444552,400.52609337194747,1,0
21.79922771582694,1082.0766553573785,77.49244843540124,1,0.07976342545107107,642.9099522927012,1,1
32.41871955101853,1242.9333560265804,96.7811062883431,1,0.4019201869926765,561.8108876208576,1,0
21.325945512329046,971.0266489707811,65.77033344812108,1,0.6465972838024704,526.7883765904027,1,0
18.003858703876844,1081.1648173347628,93.96703588353488,1,0.350718509454251,377.6613756596403,1,1
14.235432421212423,1003.2748483862588,97.74684958940661,0,0.2733839181137786,400.62477453169436,0,0
24.846067487932924,802.6114526996887,89.30102199021755,0,0.577399267133091,514.7773872249109,1,0
22.19034943071037,548.8417337810505,51.683099428103446,1,0.9335018767024349,987.9748933971002,0,0
17.855476967441366,1086.2019384260154,43.73509558192067,0,0.03498187351615356,560.248496018278,1,0
30.946132306278926,1034.7894416825623,68.36840454872728,0,0.7692312035414377,377.7622995499428,0,0
28.336225737146208,876.3649915799663,61.711032526613195,0,0.7227272780446271,333.52211100611146,1,0
24.858910605313852,676.165388696827,91.44308395349131,1,0.9639534253882871,401.64667746875944,0,0
31.821631220854332,1125.9479028817477,37.00221697470076,1,0.9307112223325436,935.4586895098131,0,0
28.312680166993065,946.8159851608896,48.0418042918063,1,0.7622325620441929,420.1486708108076,1,0
20.885720492407838,1111.374944473629,82.6259261163096,0,0.5204087646825987,681.374106922057,1,0
19.80389918004617,1372.8097060823516,36.64906514841185,1,0.20426755323351986,424.8143509057287,1,0
29.089907722269306,571.713823936059,52.453508981519015,1,0.5452357183255744,552.2369082559258,1,0
26.981834782336755,860.0798382595273,57.10087758377882,1,0.7653519939196538,658.3490548017445,0,0
25.848738839853308,958.1248773376174,73.5815657593883,1,0.8956692126378931,385.6194300380152,1,0
20.767510985655463,1290.9652348293303,41.06928520035552,1,0.7897120092105491,371.7776691694461,1,0
28.03973783502877,672.719396158703,90.24231432447966,1,0.19526693519105398,831.773938891066,1,1
21.222505584330253,1387.172205136121,61.327956482639195,0,0.5996863142280594,696.9185789791594,1,0
24.49006672703161,1027.171180313258,94.19151983163896,0,0.332173459531357,658.1344637381457,1,1
32.2347207319349,980.7998676532284,62.750893954375215,0,0.009205667390642991,657.4552586245828,1,0
21.69582882094927,960.3880473562187,49.252818125851334,1,0.20022093578866607,591.915097662213,1,0
17.135053714635696,912.7473935639943,39.928018008137244,0,0.11322064993344927,903.555162635013,1,0
19.73726404064945,1209.6233518538309,30.26215662978994,1,0.8427191235394685,508.7816603754314,1,0
29.971494133438117,786.2958491835122,67.2510239489385,0,0.258506252147812,615.4524734401839,1,1
26.273655686901048,1069.0828363287708,37.50096878488464,1,0.2846979688875555,209.8174142811975,1,0
24.35561310655623,923.1636668586049,57.42094345418248,1,0.9599365717988843,335.0078626817518,1,0
22.454530973442154,847.5733102971805,71.24902328659607,1,0.37908672304885216,259.8362000329919,0,0
27.42679953776595,1517.195035136779,49.29801278318902,1,0.009585640144394558,754.8127167032299,1,0
20.754475745048882,1083.8101469506921,42.26570046562807,0,0.28384614834613653,-10.508030404149963,1,0
26.52832784321298,1122.6531089322289,84.23051358265391,1,0.11929958060181245,419.5379954494555,0,0
21.343727155935216,1227.5553561337324,96.27538205971344,0,0.10280856173585395,-98.74132053212452,1,1
20.51170307362473,715.7300109362906,37.03082925033762,1,0.07748729013574951,333.742420903622,0,0
21.81256282587494,1350.4583818244064,40.89132270695055,1,0.5932594701753773,401.81021005362675,1,0
23.12296276758019,498.20856430098485,97.2008860076903,0,0.18934772362985863,776.9742187588088,1,1
24.755850820331485,846.2467179922959,32.64489552685724,0,0.36124279404101045,579.3255878442915,0,0
26.177278975555573,908.1936653642199,98.43426355853306,1,0.8620177161300168,333.3716953342067,0,0
6.55817354285778,1116.344672994101,30.325113815949216,1,0.42433813979627566,713.1927439463652,1,0
20.961747211266175,1043.7436532282975,91.1568058955932,1,0.9156913500516376,503.5664509059515,1,0
23.042150113219805,966.6370518603213,51.51276266914247,1,0.49793805339560626,507.51337174145044,1,1
32.52531019304165,997.6005310744553,95.70122007241076,1,0.39883661483975574,259.46569844560156,1,0
19.59998695808934,804.3953952954864,52.18617020449098,0,0.7503889270907016,301.99725721937216,1,0
25.813983090499562,700.5535211031654,75.80144250738391,1,0.0731750987680021,334.9805400108951,0,0
32.475151548679186,1145.302324467212,35.602279883615566,0,0.08947838298241739,509.29225463083793,1,0
18.435157350263637,1138.7412225072371,46.96308680176173,1,0.6519737139229607,515.5771453961349,1,0
26.96987612932201,1316.8988750314118,84.15755425354754,1,0.48694071323924826,808.8185327048091,1,1
20.988640830327398,841.9965806369584,67.00800975751739,0,0.7904152503192102,577.0110335875669,1,0
22.47683128855383,1138.5630420601844,94.95783432509313,1,0.9162708373435314,-41.513138734421545,1,0
20.984445830233426,943.2586543270536,60.0125985838948,1,0.38836687767154754,552.5283975743381,1,1
21.34071345792057,1238.0949970386964,90.88686560697462,1,0.5964100265846463,209.99672876649345,1,0
38.60956073953247,1204.3925553356282,61.42688062347663,0,0.5006966277953099,306.8058150776927,1,0
29.22227936035833,1042.2418798448914,98.54737950913896,0,0.9816106556424329,337.56610565473403,1,0
30.508689308931046,932.0939686668027,97.18840669792138,1,0.8310844073565952,367.33233529753966,1,0
27.45996743418248,1192.1864357216523,53.03956938892562,1,0.9117377082773536,224.9701215919394,0,0
16.96871605799021,1129.3809046513131,92.01465692917623,1,0.2543400875776042,540.6964006904575,1,1
26.974789851616535,863.1119195827634,89.33279619509545,0,0.7725264231625943,217.83954298180817,1,0
30.36464807253673,734.4402653041138,44.747627812929395,1,0.2654732249976489,571.3335214499693,0,0
20.733002629804442,942.2934198636408,73.70032805482887,1,0.2087425334283899,947.3942154123259,1,1
29.82663333580563,1303.0827630696417,35.08776209128704,1,0.9442661596555508,234.12818821318723,1,0
28.521681049270395,1229.2974317466076,88.56975044084231,1,0.019304416717866646,443.0979391321556,1,1
34.26020022406835,777.5345060658839,42.21821184524476,1,0.9653887036634297,-4.69147250249398,1,0
22.911084937431905,766.4485168200158,34.95702909700351,1,0.1492618969888062,439.8129414059734,1,0
19.511945088621367,1254.9367699358972,58.01533668771678,1,0.8194380817932682,628.5434305262968,0,0
23.191859453137273,772.8728190484342,70.38454970197505,1,0.2759225530681031,644.1278462714534,1,1
32.17785496581811,1101.8590647284016,89.84418709918397,1,0.3507023274307274,515.4727460568193,1,0
15.857970595790185,876.7857569327352,98.19697678652156,1,0.21675771132198496,677.8526849517951,1,1
14.65812142284484,1323.4089849043364,60.764475879890455,1,0.5855140424810796,1009.2109071885584,0,0
25.446976394658066,845.9150401724243,34.23128460896891,0,0.3480955475078741,842.4609374875199,0,0
22.78705353612922,1228.6723060411657,82.43809053181096,0,0.6573930394946632,395.49581411807264,1,0
25.038639465878422,1036.971730812073,69.56212793567562,0,0.015647317942065975,209.7792027066523,0,0
29.726558856179324,1050.4389708468573,61.35239413911242,0,0.06437488351503962,418.7697166852393,1,1
22.237153269405738,605.9382837297198,51.64882151545328,0,0.09966115273124865,310.60344687653037,1,1
15.634970845346897,559.4173293588563,65.1678969490475,1,0.41899368531023107,590.2695095729265,1,1
35.22240778599972,955.8868119465373,53.707572311992166,1,0.8147961726599761,263.76129211410034,1,0
20.01385856280612,1049.3812126833222,82.99083074231521,1,0.8881779103783827,485.4355134819316,1,0
19.704814389939514,774.9604344524554,68.07255875448487,0,0.24481074006090076,667.6028109072621,1,1
30.518600068612983,782.2613179047315,91.37934419078783,0,0.574369724239014,479.8608254365646,1,0
23.07755439479241,1112.2945259652265,68.04807402546095,1,0.7683649926926005,310.7372354504407,1,0
24.683050739825948,1112.5708960914262,46.6783689337951,1,0.2888294299196087,734.9628115171383,1,0
27.41395062030159,972.4517879224146,89.57643175625012,1,0.4090077367362732,124.20381104923456,1,1
30.41791551554998,1156.040344237215,69.00533314510307,1,0.5239742026857139,434.4409888245074,1,0
23.33269653409114,765.1595408559707,44.478872670049284,1,0.1348748464080477,491.66799532373307,1,0
32.5997600295715,928.8130165826059,73.64554669693555,1,0.025982293725780314,503.1817316799262,1,0
14.321000756325972,1329.5755211567348,55.04017354596993,1,0.15280580931828325,536.0992112156163,1,0
28.798936184765385,1013.6644259879635,89.10839286044461,1,0.6268536212535334,622.0879639618986,1,0
20.802362209911713,1025.2625029173998,61.730981705258,1,0.07361826153368167,492.91851219092985,0,0
31.861356583039957,1461.189317193548,80.85089506751916,1,0.1896963648501283,426.3883435712639,1,0
25.710222394152726,720.1315668302459,36.6875345345366,1,0.3378538856953037,418.4821310680609,1,0
21.63547333995299,1159.2860733284222,57.72170424116423,0,0.07787006430636634,377.69683959232907,1,1
28.314205465108163,1332.7972559616198,98.82690055306792,1,0.19169927116163443,657.508664865373,1,1
29.465941736036257,935.0284147002908,86.59222026340038,1,0.9112697889835111,370.69430410469704,0,0
28.209470614293192,1171.9261573709691,41.195856165685,1,0.01929913222698476,669.3542218016489,1,0
19.851518801834697,803.596100557819,49.44348346340786,1,0.6534319241743621,503.7998164519742,0,0
22.579914381889576,862.6535208865297,53.087106619945274,1,0.3844089309151849,395.7490386287741,1,1
24.979635814392825,1076.993283209527,75.5255892346812,1,0.6726487394323711,623.6814431488269,1,0
24.793701736749696,1159.713334622118,82.98963316427589,1,0.5886917203634046,354.50921505537633,1,0
28.748727377191738,1224.1873024812492,82.46686261655368,0,0.22349875435464428,627.6368081456426,1,1
14.92549383746696,1313.9257173878987,65.6911839414482,1,0.8472094875733885,542.5452242383569,1,0
26.671635272767517,986.5106882889636,86.75743764867059,0,0.4919403826093567,380.73506218161583,1,1
23.550093227816802,1238.7223510345175,60.59546579302325,0,0.8225360189134717,605.7269630669118,1,0
20.80749691808024,931.5390313101702,38.67163957068934,1,0.4060125361882192,609.3179451377277,1,0
21.287566111152003,1180.4182623176537,69.51092891576693,0,0.984685553915239,731.5039211619916,1,0
23.92731167741018,1041.4977595704363,96.66109692207746,1,0.7704893585012963,693.2294024818592,1,0
6.994574477702411,1089.1355814163849,85.5095555974758,0,0.9659502051125735,598.2548041452566,1,0
21.49355214604225,1084.7015748044075,70.50904533845696,0,0.5143264789098588,274.4818097582473,0,0
20.62092587676853,679.0589980404376,75.27639622443678,1,0.4736911322907005,989.7173976348114,0,0
27.66391604661312,775.1756282278453,95.13934189249008,1,0.7554538093252579,219.27675778563798,1,0
20.972366587447397,1020.5082879635045,59.98399561044724,1,0.8802912630134302,689.8526348564618,1,0
23.92443099914755,662.5441840717663,53.19758972598461,1,0.964145795865558,586.2567633772596,0,0
32.71138313830651,1166.242220639951,98.40690955003143,1,0.3245519060324997,265.17152550377705,1,0
29.971757599077115,1174.3111932576285,90.44101934572333,1,0.7987045738426389,475.13981222430016,1,0
29.511356999717265,1065.434110575558,52.61305092330217,1,0.2106455976355367,484.2494227510719,1,1
22.50063784794574,775.7731974484155,62.4646418152646,1,0.5455743467454452,761.1165431621048,1,0
27.715161396448263,1276.027787773703,59.055469030545936,1,0.17984814840919916,357.3378199439577,1,1
23.83051099773203,1407.4421279436715,40.436697507000375,0,0.34739736175033886,447.6109987151292,1,0
24.01953394661531,1029.4153654891948,97.04735266692813,1,0.9313583672064593,32.7860789957474,1,0
27.04842671873275,1102.1070756902473,58.301870185383116,1,0.14609069977308609,846.9525586247155,1,1
22.01503205789534,1040.3477309592088,91.27303578465356,1,0.6324008951351965,285.9063513959858,1,0
32.46501552221602,1106.0738377997598,43.25493593764655,1,0.5929542729274033,565.382172847835,0,0
24.199349302010315,976.0882486747208,68.35095674460538,1,0.12073835270898647,479.7184340556272,1,1
28.091802831298324,993.0871520312394,31.677296958698886,1,0.32597904376881215,480.399806643332,1,0
32.27800239628649,1181.143520099473,83.4954338689616,1,0.5629815045152657,661.972396974175,1,0
30.158268872875876,1469.1248323792881,70.66397287723949,0,0.18717860898849026,834.2524920607269,1,0
17.955404486547376,719.9857531196523,73.79127084288268,0,0.8006236564128154,550.2987339883983,1,0
27.22447947504942,979.2375031194066,33.62046177882574,1,0.9721565095347499,631.0156035261052,1,0
29.253596972303235,763.9079029535835,44.772683114603076,1,0.21475939996247206,565.7783073454082,0,0
29.459315110803743,1318.4049797152168,35.20316106475061,0,0.18691196479057592,703.5062847861252,1,0
19.433525829426845,882.4524061360203,50.22400210626682,0,0.45493507179744463,407.4167241027346,0,0
21.71482381491338,711.3598412428412,73.92073053775057,1,0.7477652771400322,715.0781108832828,0,0
29.972791178708107,1127.6373997697146,69.63301890221626,1,0.2816006102352514,722.0999731294768,1,1
21.19119814658677,1348.8622229486223,72.85048751293732,1,0.019879908697280402,716.507401736582,0,0
23.50151971667843,1132.7195737121526,68.4475889964526,1,0.541220628032894,367.9704265327048,1,0
32.87937904750984,1040.9595754563834,49.112015697310156,0,0.9566005677673076,466.3324731525618,1,0
24.76100374807605,1081.8281845551987,47.11552481410976,1,0.39127685540694557,547.893397756087,1,0
21.366129310830786,1282.9681325651109,39.59417784756069,0,0.4201345541831004,225.83159103419888,0,0
20.611913215685476,825.16014599717,89.43496124324444,0,0.9689017171140379,818.9840416172029,1,0
26.66359664792594,977.6305791827374,73.15355509788711,1,0.6946076116267283,497.5446932995648,1,0
18.334259957613956,909.4619702980933,43.05577087528418,1,0.7191719228421252,556.7855775209443,1,0
23.76332018051791,766.4269385416579,42.40465658748677,0,0.5627020053710676,384.59911205455944,1,0
26.66615267495011,934.3249481166395,91.11249210682956,0,0.9746092108632416,234.62448812659545,1,0
31.495749102738337,1221.5442191964898,81.99116046343235,1,0.6888664844255561,379.1940229050458,1,0
28.337740401849977,1113.320429678545,76.157935593376,1,0.8950327516051695,543.8408375267177,1,0
21.429674410089106,1128.8621000216401,58.48048752775099,0,0.6993788657332212,634.6857625507387,0,0
30.8920965878186,1029.2951223306636,48.33828949949623,1,0.735115824840396,532.358308120544,1,0
23.50242481226261,1104.6647565457176,98.56155341789766,0,0.2904109221422465,569.3448032483901,1,1
18.821484889752956,839.8819315303789,85.80677025159602,1,0.303478698013819,432.5947250637247,1,1
24.13979320367264,938.0980228145542,51.124545619539354,1,0.7829846495760292,599.2497132490856,1,0
32.19084600572851,1038.4008473937354,89.32953573949463,1,0.2967062891698996,796.5665732771813,0,0
25.826200250324625,1055.503171776378,83.12523640302771,1,0.5627700708015316,640.9578884877974,1,0
25.06260932164893,1064.0375709843745,50.79563849145988,1,0.24935231090670196,661.908377650588,1,1
33.186058223514266,972.3329435967244,59.85869979691478,1,0.8169833808090694,558.8032798613262,1,0
17.843225764727865,924.515319773934,43.01674117737187,0,0.11050135122769,199.36898608007965,1,0
18.57200442973614,1631.5542566088598,37.77367110646765,0,0.8294466397616644,291.0666938737513,0,0
16.92076764516584,1181.3574545864797,80.59334229877877,1,0.6027298005076018,590.9751601327687,1,0
26.863240932400274,1082.6294951905245,48.725830014770665,0,0.18690953482707728,497.8121896079828,0,0
25.832465635575623,953.3583003587212,87.40415560223775,1,0.5420353855061182,587.9685772945656,1,0
32.71368183639888,909.7562346112247,99.69260980600983,1,0.28249883684734045,835.2846835688147,1,0
26.21737538568385,973.8398812546088,35.36338697507541,1,0.3234673347304966,645.2071998458667,1,0
22.979214202603487,1058.5657687173366,63.112458755859016,1,0.35152804159688034,751.7772411485644,0,0
25.008974364390536,623.9128911873837,86.14437915175621,1,0.06331924697232094,518.936277894146,1,1
25.58853709230479,686.1220809250633,85.22656275788634,1,0.9859616844014174,338.556864503112,1,0
16.641193633359165,872.6235222122085,83.19980108316778,0,0.031534628131224096,488.4267681571318,1,1
38.551658221674465,1041.4278873557137,54.42964547113377,1,0.6624968731842784,339.04963725617245,1,0
27.599355090509558,952.1453705696297,61.76972789795366,0,0.37122764775743056,811.6589913544897,1,1
26.050041540112947,1295.624245219897,71.64778501390292,0,0.6460102909466989,658.078215307094,0,0
28.075819921392903,703.5206426008463,98.175840850128,1,0.3562482530875838,604.1024993256559,1,1
28.547054902933024,849.7309060793259,52.9283089656945,0,0.6737506462588587,747.1886404456206,1,0
24.297232572487843,1304.0183481982203,94.62007214018004,0,0.7292355094683608,95.9887170953549,0,0
21.843794318796498,1026.2238649350293,48.85498427263459,0,0.6905526403996448,617.6275902685319,1,0
27.99725343160852,1176.9685165602318,99.23521258315932,1,0.11396198135815228,237.8708431391255,1,1
26.928554202657264,1410.2493886538928,76.91845807793142,1,0.6568932346546846,498.54886030686777,1,0
20.95054950455296,861.2391164196355,62.44580362509856,0,0.2799875494540973,437.6584815065571,0,0
32.09517805683632,980.1371324415936,72.93732996445235,1,0.028801370569333518,632.3473224193896,1,0
26.466760181614916,945.5146198138257,49.077181832814475,0,0.41483067188895395,545.6374577921911,1,0
28.649096811338154,609.0813991033449,49.19217002580267,1,0.43354310280380104,769.0234347223577,1,0
31.959604438399595,937.9206392488062,37.94881806904457,1,0.4671741333524465,379.6205678134773,1,0
25.109444105824174,1176.2124374761331,37.98352083937792,1,0.7048241653907162,641.8228779266568,0,0
26.584760034920578,1108.1179083624481,54.33702190282379,1,0.3088438091424591,532.4446433797664,1,1
29.05013619253058,1123.816633877602,83.39988345274602,1,0.3152805131039226,172.94194598568947,1,1
21.37569458099974,924.8982038721001,72.55798173187137,0,0.060552256241260594,316.27670829539346,1,1
25.270258314230006,868.7805527988717,37.18091922317146,1,0.686821215992296,470.02439329556637,1,0
25.627742933255742,1253.851134379724,89.65655674831376,0,0.567826091399584,722.4584899783456,1,0
20.219707241583027,900.5365707284661,72.09573388930465,1,0.34942511269378806,592.7446115114229,1,1
36.588183943369394,1058.8164077586428,97.25989037493459,0,0.7051889789173547,266.49983522385713,1,0
17.96353278253799,1032.6669361355077,76.91298271878452,1,0.5373577492268772,471.93675439056807,1,0
18.50948048156421,1292.3434032514238,42.26224045929267,0,0.46924494587053966,903.561289758606,0,0
31.571132878517894,1194.2824715344718,63.16483536154756,0,0.5113245436611265,522.2446669681716,1,0
28.56633125398271,740.9482758665758,75.39483182830429,1,0.6363481252670565,434.5348849855209,1,0
19.87017591259611,762.489366644992,31.97852907349844,1,0.6600026045745995,598.3479281512441,1,0
28.036445075508464,1115.7819636138267,31.043718490836554,1,0.28895781914071716,652.6786159163939,1,0
32.33925222498655,987.1324705241667,39.058210041899756,1,0.14074336339115323,408.7663305039882,1,0
24.84868471201507,908.9656432092472,47.616510453182954,1,0.15663418119051875,600.5149548742875,1,0
37.99411450037291,1203.1255767988941,60.06843864644729,0,0.6393908859030016,434.2221006658382,1,0
16.379690945659824,1037.4918764177821,64.12083316318518,0,0.872873285767126,643.8655203658877,1,0
28.46911726929551,1010.4914773778888,39.661932625652774,0,0.4094962783455518,533.9386315942568,1,0
30.832641681105017,1155.96572815101,77.13741053810816,1,0.16952016032946238,596.3935654105785,1,0
29.456719508026232,924.9782010112871,71.72966431875744,0,0.7566024982938546,348.16329076649913,1,0
23.97822136677176,1313.7037970945107,50.61248691888122,0,0.8324894744194485,335.7427231854282,1,0
23.547792589944255,842.3904753533984,30.956191840470442,0,0.8805824431209666,689.099460931879,1,0
27.220725855436285,1131.3858132684177,35.435354074730355,0,0.6068314289137332,484.12072372290123,1,0
29.078772433260347,1286.766567731969,57.418634285758756,1,0.8607285593880847,557.0069484198723,1,0
28.01236718141182,724.54090214558,40.778204581597876,0,0.015414958448407678,438.7209145826961,1,0
30.200289453966946,931.3329648295102,56.37737243035796,1,0.10723580176952352,679.7453548027288,1,0
19.905650214666323,1228.4414785771116,73.97278231572486,1,0.09257606705209875,378.4380039940685,1,1
23.861145104381826,1231.448909546205,68.30661995154985,1,0.712604684254733,472.87975201982346,1,0
20.29992033938123,965.7008799223521,46.182311819617595,0,0.06958178354357902,657.1985625406263,1,0
23.069436119569293,853.0657812646281,54.06757438811267,1,0.49636437246630705,734.5935398328531,1,1
30.076104459071527,1191.1871644661524,72.98218389140554,0,0.4727068986362891,395.2481417946633,1,0
25.539919603626146,1236.7098205163209,90.25985196304141,1,0.31070352355824093,891.9367963911766,1,1
38.03429581574885,767.067330297521,82.72494071172142,0,0.8704051699420998,562.6483387387233,1,0
25.967031835948585,759.2172702067239,68.73800187833905,1,0.170433201879996,291.4143476382525,1,1
25.298459402898683,1045.05133639672,55.360509882154034,1,0.35246278439923984,573.8104097179936,1,1
25.530914597201082,1125.8721266857783,55.55358942792638,1,0.7741715000229291,423.40015710330846,1,0
21.81095653570032,940.186182953989,91.55921171850773,1,0.030422314393284244,586.8136974366354,1,1
24.710816938112032,1135.8587639964699,32.74705032283825,1,0.6729504002463687,491.4287504679324,1,0
30.63894013555823,857.9726786325236,99.15878510941826,1,0.8163977263615706,514.8547380380289,1,0
25.56985334063886,577.0612801852529,76.50627875960936,0,0.9322678388381672,317.6813246827708,1,0
21.03270135058264,915.2197855334808,77.67963893506735,1,0.8762966404914849,698.012246143272,1,0
20.374576897606822,1012.6464293026203,32.65984861133195,1,0.31938411683368517,268.7745265697936,1,0
22.748990541670782,944.8320080207087,72.38704924238905,1,0.5863641413229526,278.247020919001,1,0
25.3693171720544,768.2793472681029,63.93446420633129,0,0.07729349315046585,573.4720698294973,0,0
30.96793267738131,636.8702048242365,37.40452348258469,1,0.2578700035480086,820.5688494355938,1,0
18.297556793167814,897.1822391264204,49.454540753855134,0,0.09422237874750738,429.48138058711857,0,0
23.40086861055622,1179.5311543299488,92.32201193495558,0,0.31518729015396385,640.1944645407932,1,1
25.721550097175395,1251.2394878827365,68.4991891106167,0,0.875187213458729,714.668035372709,1,0
15.831471161852827,1237.5426768276911,58.939160262173615,0,0.3471668396742926,662.9368874588138,1,1
20.83200858516797,836.8180929702894,35.08775090885677,1,0.5618981030014264,437.7583421652637,1,0
21.600557301319068,769.2587352739272,79.98850691816139,1,0.4333808481149408,281.7906565611851,1,1
21.020148130747508,1099.326922995979,79.19955763772228,0,0.4589165242987353,58.490486865729,1,1
25.959447725108237,1127.020002319585,72.98305248807945,1,0.9695720518365583,447.43190010752136,0,0
24.197201952491014,1080.0339210400996,65.71838523544545,1,0.29615446826385794,735.617473712435,0,0
22.22356948699482,597.1873451524473,60.36490815451609,1,0.6273244695231713,275.16680304761314,1,0
27.139813132763173,826.6230830233067,71.52897650915946,1,0.42006266957944705,640.0419695037531,0,0
33.61537358823125,994.0622419428043,46.33768162098847,1,0.06114618104768621,309.96949398962556,1,0
33.196282583708765,1097.4436389260854,95.88813449243534,0,0.48933083162423596,521.2145152773677,1,0
15.386141139688318,1153.4614725204974,71.21561704261606,1,0.8133433290451083,641.5583228310036,1,0
27.885360919175696,1028.850704456408,51.78347110480636,1,0.09875296868168837,368.1009126323145,1,1
24.10988354968081,1066.1567613076472,61.47758956196101,1,0.06959184739630897,534.0969361393828,1,1
25.77577671432678,1016.9730916722208,86.39793522138245,1,0.15363152039326666,416.98173265493426,0,0
23.00858483228726,1137.1238748436965,41.31312425112082,1,0.7644001113893061,641.0297317876353,1,0
25.58794314943601,1062.5731302981821,50.49849357221823,1,0.723995384144738,547.0634336969274,0,0
25.757036980360095,1013.1475320094574,77.56556159155889,0,0.5650177689061106,511.30153488585347,1,0
22.105241213255383,946.3262401725239,52.08424445375567,0,0.4682264040926324,811.6699920283955,1,1
20.518162260874096,1016.2582850084963,85.47511773030263,1,0.8883258147026221,632.4612284736604,0,0
22.75652158690258,1096.918275767855,39.131744102415254,1,0.7666978238334825,361.9296267747422,1,0
26.171296322283826,1053.4950777796123,83.3880319318226,1,0.8119422513018052,482.82721984044764,0,0
27.99498170842132,1076.1652836690507,34.78462003953964,1,0.8132623013506542,484.8202429840679,1,0
29.266744886700735,1268.544372270237,30.881482886724633,1,0.642717154745558,516.0639145250424,1,0
22.529049884665437,1053.0327845493175,92.87564631825134,1,0.45801462431594586,1004.9018553214989,1,1
26.419222836513683,870.2002959053684,70.6937451852609,1,0.8646777525856504,574.1703785421994,1,0
29.812512959766494,1176.7213571988339,54.627882796076804,0,0.9260074176032507,92.81948597904483,1,0
30.82797447572064,726.7603324662165,46.28162458746953,1,0.023806043258343013,391.44020565660696,1,0
24.70583572934239,783.7173238521425,73.18200482825713,1,0.0515548732662513,113.52558250083831,1,1
23.895341375301935,1067.1694529440138,65.63015284757168,0,0.9587432969084373,434.040348590832,0,0
25.95562116918196,1103.2793335573158,99.41184428709896,0,0.27716061384419477,102.5379540547143,0,0
19.251462635512972,750.989755299201,98.82511906576221,1,0.8733694396494187,325.68190578631436,1,0
24.03195244482246,923.43650380265,74.45171962991267,0,0.3887951189614026,195.85569407317604,1,1
28.72293199236565,878.7832335560682,61.00093542741234,1,0.1191000576093556,576.8320355934954,1,1
28.209735647218505,902.6647354236807,64.37986783942634,1,0.08044320020933426,500.10787252577575,1,1
23.648661978180556,1188.719555254589,77.77353463658034,1,0.15650789908045648,560.5924614997463,1,1
26.088591005435834,1141.3010927094506,37.11021809647669,1,0.24989319486736472,479.0897222862947,0,0
20.876748298546563,996.1755640292585,52.98464516675027,1,0.4885183539308262,221.14044995911644,1,1
28.517460741125124,890.8076145770144,35.26905687025227,1,0.7014979005657835,602.7042738509471,1,0
24.610892819317634,730.0700659559718,35.13525316618437,1,0.9863985764852999,884.4449120538906,1,0
23.62024274151931,1284.0369877563899,43.70874693259636,1,0.44150674328917106,581.8425157213094,1,0
23.191380819533066,1118.4227800569836,63.967727821525884,1,0.5181849423431099,414.8150801364868,1,0
24.68553066550071,858.6661791853719,84.93420248139526,1,0.5218157013832556,214.386564778911,1,0
22.76061177534021,1143.9198995249783,63.984712381611075,0,0.5394343554879361,318.3866058480069,1,0
28.290715180012818,985.9552758850749,53.48336273926088,1,0.5177406571044623,590.6079313144118,0,0
23.023582259919095,942.5780990275314,35.76470932357307,1,0.008774755061917827,714.623605359875,0,0
32.96482048013691,1087.0423056579205,68.52068662281907,0,0.0017248221098407068,552.1732349443952,1,0
32.32605251740691,851.700350017455,48.98880105382237,0,0.09766631812612292,659.9774579411967,1,0
20.542282550727478,931.2486960979779,73.04539245420031,0,0.10155660342917883,641.5356488054485,0,0
25.348521347146402,1024.292212839909,98.40314173926929,1,0.7048969089547961,601.3068782771835,1,0
21.746716893319025,900.1097614229573,37.79200250342851,1,0.20491603251599977,368.3052809477488,1,0
23.36676218405694,1133.8170420535048,44.848777910535794,0,0.8947141047556129,534.7847023950305,0,0
35.01213733822399,1373.813300735652,63.11661766695623,1,0.9286063295770195,330.3244392235723,1,0
23.462142914421005,849.1403734785715,97.80296707421506,1,0.9758933378958987,503.48579059162034,1,0
26.801130185387144,666.9749407391912,84.02668433889968,0,0.9390813048870201,566.1727062133824,1,0
27.706606470041393,599.6519665047476,92.87604352139812,1,0.27188832191852463,835.7567614773709,1,1
19.9968531375838,969.9063717010035,53.3600393933055,1,0.5097768447035125,238.0536051264736,1,0
20.724522627953974,867.3670819747634,99.44269316450162,1,0.175454970196941,596.3015261982611,1,1
18.969888142959405,1041.5721002134162,37.19829712449102,0,0.8062096551724331,796.2473183247189,1,0
20.570146330511115,1026.5195344052202,33.70810342322706,0,0.8884317051440961,651.7695531677593,1,0
10.74984945341409,679.3566306771808,89.89218389378198,0,0.8512888392975149,666.5890885650083,1,0
27.72291200396814,637.0232341037188,94.90854091448904,1,0.4333669486968349,617.5389803735625,1,1
35.27096920628035,1059.186648069219,36.34097502822712,1,0.758673884686781,759.6668979550834,1,0
25.739103695182635,1027.0857669439913,37.939919872208904,1,0.09757916957626944,282.50436637752637,0,0
17.918655703296963,914.8364003266897,32.322191042904166,1,0.04024477061925069,222.8146668059507,1,0
21.78611808550026,668.5712829735392,37.31552938499068,0,0.7532364143087609,498.7331719069488,1,0
22.705615774875014,1094.278252552998,44.65938717601966,1,0.4253552743286837,67.76757928565803,1,0
19.91207611393312,1254.3799090847888,97.90536332370007,1,0.9955492647395692,746.1291608356023,1,0
29.300913191975784,1055.5964880437843,76.75021555677763,1,0.0972542158555324,744.1430390990882,1,1
29.05130022187667,830.5052218869871,84.49871178629795,1,0.8556276815352337,413.32988898309475,1,0
19.222741030911703,1008.9104331142303,84.32975825840654,1,0.4799830655289917,425.8458806678981,1,1
28.62540522223754,726.777183813263,67.45516248454501,0,0.827150195503877,485.5305049698657,1,0
32.63406331788633,1211.5921427677586,85.8242284399112,0,0.8171272821701449,510.40413008792393,1,0
34.512791026147795,1016.3688669059078,71.70652726729787,0,0.9159920013620774,525.4347838388571,0,0
39.32606011542981,646.3686176493536,52.01822683223503,0,0.2978500112861028,611.6464213756607,0,0
20.490036752784015,939.8651279112635,69.27770761378805,1,0.9497993534620031,465.47472939830436,1,0
39.121102131976016,1092.6603020468463,67.34560102941595,0,0.15166696035762028,688.6386606955588,1,0
23.228968057456058,933.3904758048955,87.64171376315244,0,0.08196877759349053,589.1895554250607,1,1
22.03767272309743,944.8208557119652,98.72090521671613,1,0.43161551737234916,378.6073108254729,1,1
26.635361874389226,755.1195585905457,58.77297957946514,1,0.8283229686418426,767.0225335608195,1,0
22.08969332953494,1113.3081974163313,83.43734749089518,1,0.4734211306334456,228.34860277550263,1,1
26.99522070323263,870.3061599961725,36.98341028266935,1,0.8292866775305141,481.5668378357047,1,0
18.399614061313493,568.7109245989934,84.37819586138019,1,0.7296868057943052,693.3834802150936,0,0
23.80623698968283,925.7485258659212,55.99918383952625,1,0.20942838613893355,355.38537901757104,1,1
31.427911171808397,1196.2299431140707,32.75731140227806,0,0.9488816248994638,561.9111293534303,1,0
24.71469354284422,922.6141106800105,55.42723249935241,1,0.060781168629403415,608.6679193998095,1,1
25.707978933699415,1347.596997024704,72.74499256451514,1,0.8982797075437949,327.8952264037522,1,0
27.37629302358656,1085.7935897097034,38.34751173770266,1,0.304443448990374,485.504456081193,0,0
30.8533081465883,1067.7516324560731,94.68241447011782,0,0.5001480831643993,468.69923395815795,1,0
16.723876439052837,974.3203468164783,35.4370689290987,1,0.4223518727007345,389.65242963354143,1,0
27.922620259187173,986.3427584471418,95.10047038832164,0,0.17183455691691618,960.3349704101549,1,1
23.659304303791185,947.3152729760992,79.49962625549804,1,0.35814686640169313,347.3787293109049,1,1
25.83318947655919,939.5461215834947,53.07985227899425,1,0.19293443629279527,700.9860588135766,1,1
30.299750848811883,1106.1734324134297,57.352524339636524,1,0.20388647546052385,421.4397966237716,1,0
19.029066742940778,812.8337540418869,81.85665553129209,1,0.18705683602638035,282.6727622229437,0,0
19.936777792784554,784.821234255148,72.10297706168451,1,0.48901738034659425,520.5628486310138,1,1
15.322850201430969,775.3609898249244,77.01500450184616,1,0.7979313675113155,629.8186768775001,1,0
22.25420529118112,1409.1309095354309,57.2415231559436,1,0.568970033761241,684.1019150131358,1,0
31.652161721894082,1106.068580334116,64.14694372653193,1,0.8932065885508419,812.4530221310139,1,0
24.39706405763265,1060.898440336029,99.29072388265254,0,0.6365444885767242,1089.0492579870202,1,0
18.29937552172607,788.4970659413137,44.97460093498024,1,0.6893401156326044,550.1028407511194,1,0
22.571606277124765,1124.6684601349657,59.249933056549196,0,0.6676072297270031,367.3815652349224,0,0
17.560691482546886,976.6857307093343,50.42762313017771,1,0.44945919318374117,590.5748653589783,1,1
19.37406949134419,1042.83378822635,83.55780573078948,1,0.6893388222000828,446.7574099187017,0,0
26.944094551318567,804.6759368272888,83.48088379660045,1,0.06970774646896116,685.193225970446,0,0
19.130633368469855,1032.0537714835154,50.47118226981771,1,0.8598514719156631,240.56714072685565,1,0
30.56317152601651,915.2332923587034,35.6973221643088,0,0.7778121434439174,973.6669084800875,0,0
24.64439854584832,846.8777685939624,30.800287367054285,0,0.2452299582316788,671.2096189551025,1,0
25.427973519722627,1146.8212671614497,59.92153732697399,1,0.7680324542540824,163.19919644076708,1,0
23.60813516196053,692.4584382939995,58.72363160350396,0,0.012642601400018494,358.19421953700555,1,1
28.864239192718614,1112.95525286283,99.18729150479041,1,0.21724657248088042,663.2162088227877,1,1
28.915799438885053,1136.8972267105992,62.886145298837576,0,0.06513723867089594,735.268811234291,1,1
26.675271759560857,824.0712648897519,47.94928587027944,1,0.7802269166178947,245.55247455360734,1,0
27.82394552953824,835.9343077735066,92.38606087220272,0,0.7558741511783872,642.6051700865897,1,0
23.93955165039787,955.3948637467196,64.3747564757505,1,0.8136360238018306,110.53202546761531,0,0
27.71101503454524,1056.407242092444,71.94229446474046,1,0.004481693325528835,482.1328269057908,1,1
23.310611122630966,969.4290016371549,36.69680972997489,1,0.501232726678408,722.4093684206413,1,0
25.01115811081201,1086.7124920383758,56.804148513084186,0,0.7048361975173365,389.6968539794039,1,0
23.626781253168513,1352.5959305074798,96.09565721316507,1,0.15540112873901546,198.6155401723973,1,1
22.71390730340402,898.4566461700572,71.26537689227979,0,0.6497907275126247,529.2429592755119,1,0
21.55444101139105,656.9640058593159,54.11512985997231,1,0.08411009930968572,379.05622667290436,1,1
27.338450519294426,1165.1847166061307,73.7967026442115,1,0.18132585610431318,625.9116732131672,1,1
31.553029564067316,1336.6629151855059,93.72877627046813,1,0.475796814994601,322.9347135563879,1,0
30.855509858347798,1078.5536726102248,49.179342033081305,1,0.653565152681102,345.47262206937995,1,0
18.717173320272824,782.4502649292664,65.35817029294721,1,0.1458691269538961,95.79953582475127,1,1
31.446015257034368,975.2215273529598,97.10834577382288,1,0.1852233308309379,533.9889422102966,0,0
23.409207491910355,776.2953031576735,42.06773003089168,1,0.204446367065663,467.81901234468023,1,0
28.00366507572796,1128.5710987925895,80.37647479176981,1,0.23870080469897847,262.3230658519858,1,1
20.468923339763947,729.741919460313,73.01367057420876,1,0.22655384852629123,538.7597427534184,0,0
25.709899569370027,939.97424263436,77.57725917984445,1,0.39514910849763674,705.4140601288278,1,1
26.568615914484536,799.1324347412187,54.585374146729876,0,0.6537896508367229,456.88641131621006,1,0
17.576976040401735,1025.3649370269923,51.971556143863545,1,0.43803178313446967,553.6333899643947,1,1
28.041335831720946,926.7316645724485,77.89467694118593,1,0.7759739087498881,554.6622499170328,0,0
31.729675039191577,1035.3524206500529,45.08802995731817,0,0.7192685059486148,259.1340345642079,1,0
24.12676027159186,1004.4701109932731,59.375832140130356,0,0.12652691404907568,911.3171641415191,1,1
31.800840654140064,802.6681944551779,43.17222522370426,1,0.04884162332074393,405.83003397554324,1,0
24.051532532737962,1125.3754127058044,30.581338878633083,1,0.8779415639996061,631.2232403720542,1,0
29.247922655233086,990.246869631377,97.90401520266487,1,0.07983106656287342,653.8430554458099,1,1
13.907150170244503,802.2941984268199,60.21920850594933,1,0.14833918071971308,472.08097457684966,1,0
37.09388889656732,1448.1853112411586,97.85447300938777,1,0.02213327555811806,621.3590050119269,1,0
32.47729122621479,1095.286033343425,39.82264638374782,1,0.6283363652986538,549.1638443632778,0,0
23.576872478731605,969.347889320139,71.11567456202403,1,0.5823705631583486,216.47204855451878,1,0
15.13955486678091,1283.0409053403646,44.06818229538677,1,0.9869036664352556,433.54545974998234,0,0
26.440141841527446,1368.3631218773214,85.30518888742924,0,0.886932396317172,377.4898195291876,1,0
17.780372264631215,970.930115537223,84.85920921326826,1,0.4108431774809097,407.6509917307746,1,1
27.22426768778744,1069.4794972869524,37.882500432751826,0,0.371585840912535,239.19936443267244,1,0
27.05782859582141,802.3994363994118,93.84451170134724,1,0.2968520342799851,725.2867433492061,1,1
20.292984154989874,970.5614498463977,43.62407530422573,1,0.15240692003788137,820.3985309226825,1,0
30.60483511807189,960.187489248026,72.90841391125522,0,0.13808365660200905,695.6005951996817,1,0
29.027873514030865,1036.9654067243307,98.99435340613928,1,0.13228370800960543,754.1058448294286,0,0
29.879116686442817,1066.552095727402,91.76775743364547,1,0.11411475718677855,431.07303259836874,0,0
25.044288518344477,1111.965689765612,96.95947499928182,1,0.24051204240553692,372.7486330027927,1,1
17.922379665431468,1047.5285312599917,53.98191398526836,1,0.3066686303131164,344.2825906376577,1,1
29.889361361055688,757.8514746741671,37.390294955362435,1,0.9615789710389159,628.8129845914445,1,0
23.648143004321042,812.306578851783,43.18428113026151,1,0.5784732510018857,545.41261062883,1,0
18.051099284036653,890.7184761072654,65.03464265536297,1,0.987595774513281,484.5556576803149,1,0
