,Field_ID,Weather_station
1003,40413,0
3638,4086,0
1186,32366,0
3644,16996,0
3647,16398,0
1181,20937,0
1180,5881,0
3653,3931,0
1176,30567,0
3665,41429,0
1172,21135,0
1169,343,0
3668,14100,0
3671,28863,0
3676,2789,0
1162,9183,0
3688,29695,0
1159,29108,0
1158,9414,0
3692,18960,0
1155,20549,0
3694,29201,0
3632,13005,0
3696,7460,0
3628,25327,0
3615,26264,0
3543,38515,0
1225,40708,0
3546,41167,0
1222,30714,0
3547,37639,0
3551,36478,0
3552,3702,0
3559,11941,0
3575,28964,0
3582,28215,0
3588,198,0
3591,44883,0
1210,44059,0
1209,13480,0
3595,20679,0
3601,13008,0
3604,19850,0
3608,8489,0
1199,35962,0
3613,44335,0
1196,19438,0
1192,45128,0
3536,71,0
3701,35930,0
3704,32483,0
3751,39156,0
1112,42192,0
3755,1032,0
3758,2245,0
3759,14471,0
3760,12325,0
3766,1253,0
3768,2830,0
3771,17531,0
3781,29272,0
3786,26852,0
1097,42180,0
1095,5672,0
3793,1414,0
1092,13591,0
1089,17571,0
3804,3105,0
3807,41192,0
1085,1631,0
1083,18303,0
3809,10829,0
3748,14874,0
1150,26323,0
3746,10439,0
1121,33993,0
3707,34383,0
3709,32365,0
3711,14769,0
3713,5501,0
1143,22175,0
3717,41702,0
1141,37714,0
3719,6245,0
3720,2757,0
1138,22103,0
1137,28999,0
1136,31333,0
3727,5762,0
1131,36581,0
3730,33293,0
3732,5286,0
3736,8877,0
3738,38551,0
3739,22941,0
3740,37594,0
1122,20212,0
3743,17086,0
1230,17318,0
1231,8961,0
1233,24678,0
3318,31849,0
3323,15431,0
3324,14784,0
3330,4503,0
3332,772,0
1336,23000,0
1335,9925,0
3336,17728,0
3339,42466,0
3340,17808,0
1330,12880,0
1329,23270,0
1327,6108,0
3349,34646,0
1324,43369,0
3365,25263,0
3369,30069,0
3371,23511,0
3376,15656,0
3383,3231,0
3391,23181,0
3314,16247,0
3392,33839,0
1346,4243,0
1348,33057,0
3235,7090,0
3236,26047,0
3241,30393,0
1380,2943,0
3251,20735,0
3254,43438,0
1374,22971,0
1372,45035,0
3264,16425,0
3267,2325,0
3268,23700,0
3273,10850,0
3284,27466,0
3286,12496,0
3298,33141,0
1355,41612,0
3309,33050,0
1353,33519,0
1351,20701,0
1350,19231,0
1349,41201,0
3311,8140,0
1311,34046,0
3393,8341,0
3396,11034,0
1262,6769,0
3488,37771,0
3492,14828,0
3493,967,0
1257,4579,0
1255,42023,0
1254,17005,0
3501,28420,0
1252,8194,0
3510,37084,0
3512,19699,0
3514,32131,0
1246,33574,0
1244,1162,0
1242,40451,0
3519,38159,0
3522,29157,0
1237,8350,0
1236,5478,0
3525,13681,0
3526,1126,0
3482,41339,0
1266,5865,0
3479,39033,0
3477,41926,0
3403,17011,0
3406,44194,0
3412,4741,0
1300,32558,0
3416,24117,0
3422,28989,0
3423,38945,0
1295,38563,0
3425,200,0
1292,20402,0
1081,39270,0
1291,12378,0
1289,32648,0
3434,24167,0
3436,5864,0
3458,11081,0
3472,7182,0
1273,2081,0
3473,5610,0
3474,11168,0
3476,37547,0
1269,13819,0
3428,4229,0
3231,44232,0
1079,116,0
3814,41591,0
4125,39239,0
893,16343,0
4126,43961,0
4127,45119,0
4129,37874,0
4131,17720,0
4133,5114,0
4139,39975,0
4142,18142,0
4147,18495,0
4149,11897,0
4154,24888,0
882,9162,0
4156,22737,0
4157,18332,0
4164,38778,0
4168,40499,0
4169,24356,0
4172,25691,0
872,10993,0
4173,10240,0
896,20026,0
4174,27995,0
4120,13999,0
4114,27161,0
4050,21085,0
930,19711,0
4052,35184,0
928,38656,0
927,30661,0
4054,41549,0
4055,7682,0
4061,43325,0
4068,26511,0
4075,20931,0
916,11917,0
4088,24223,0
4089,31070,0
910,4704,0
909,5692,0
4098,18340,0
4099,33485,0
4105,43630,0
902,2404,0
4113,40707,0
900,42623,0
4116,16293,0
4048,11487,0
4178,5377,0
866,30689,0
830,35639,0
4238,21399,0
828,28895,0
4239,29542,0
4241,42742,0
825,12894,0
823,45143,0
821,36111,0
4249,31762,0
819,13800,0
818,33916,0
4260,2399,0
816,38240,0
4261,12104,0
814,32211,0
4263,10520,0
812,13247,0
4266,9403,0
810,40975,0
809,21222,0
4267,43893,0
4237,9647,0
4182,42400,0
833,34708,0
835,18875,0
4185,43155,0
4186,26835,0
4189,27977,0
862,40431,0
4192,31013,0
856,32589,0
4202,6839,0
854,33929,0
4212,22759,0
850,39724,0
4215,9266,0
848,35665,0
4223,35384,0
4227,45153,0
843,30398,0
4228,9645,0
841,37326,0
4232,24424,0
839,23642,0
4233,29473,0
4235,11660,0
834,8546,0
4044,26271,0
4037,7861,0
4033,21480,0
3887,19527,0
3888,41734,0
3891,25495,0
3893,35258,0
3894,36708,0
3899,24641,0
1025,45089,0
3908,5260,0
3911,30943,0
3917,8943,0
1019,8957,0
3926,42801,0
1014,36461,0
3929,29512,0
3931,30506,0
1011,32739,0
1010,35823,0
3936,40920,0
1007,40692,0
3937,16062,0
3940,18184,0
3884,27443,0
2012,40340,0
3882,14361,0
1042,36693,0
3816,18527,0
1075,32554,0
3817,14913,0
1073,18739,0
3819,9798,0
3820,10132,0
3832,21681,0
3835,17455,0
1065,24609,0
1064,2098,0
1060,19166,0
1059,31596,0
3852,44505,0
1056,42049,0
3859,8042,0
3863,3150,0
3870,10765,0
3872,26507,0
3879,20634,0
1046,31928,0
1043,42261,0
1041,24902,0
1001,811,0
1000,5342,0
3948,6230,0
3993,32627,0
3994,5170,0
3996,39484,0
960,16095,0
3997,16846,0
3998,18490,0
957,17243,0
3999,42692,0
4000,16064,0
4003,37186,0
4006,9057,0
4007,7650,0
949,21987,0
4013,6319,0
945,42499,0
942,36237,0
4026,34555,0
940,22943,0
939,23542,0
4029,40746,0
4032,8975,0
3988,41491,0
968,31689,0
3985,8960,0
3980,19048,0
3949,14883,0
996,27320,0
3950,1993,0
3952,17816,0
3957,10202,0
3958,24459,0
3961,4740,0
3963,2211,0
988,22425,0
987,44164,0
3812,27133,0
986,20363,0
3965,35116,0
3968,19825,0
3969,34996,0
980,3434,0
978,40263,0
3972,16179,0
976,20586,0
974,21980,0
3977,25018,0
3979,9722,0
985,25978,0
807,40754,0
3228,2992,0
3227,6920,0
1821,35437,0
2404,1183,0
1819,5822,0
2418,20355,0
2419,13732,0
2423,23517,0
1814,41159,0
1812,40374,0
2432,19815,0
2436,33315,0
2442,31970,0
2449,2181,0
2452,28384,0
1802,22074,0
2453,14238,0
2460,10653,0
2463,31448,0
1795,25787,0
2466,10474,0
1792,681,0
2475,22803,0
2400,13804,0
2478,6915,0
2399,31672,0
2395,15864,0
1856,5874,0
2325,22826,0
2327,36328,0
1850,14222,0
1849,13586,0
2334,36870,0
1847,43622,0
2339,27748,0
2349,24157,0
2351,13097,0
2352,27401,0
2360,44251,0
2363,25423,0
2365,31168,0
2367,36178,0
2370,41176,0
1834,34307,0
2374,19891,0
2378,4883,0
2384,34661,0
2387,36555,0
2396,36758,0
1857,4615,0
2480,16492,0
2494,39257,0
2584,15171,0
2594,10044,0
2595,24015,0
1730,14832,0
2597,20029,0
2600,42885,0
2602,13290,0
2603,4348,0
1725,22158,0
2604,30872,0
1723,32139,0
2605,40487,0
2614,3035,0
2615,19533,0
1716,8337,0
2618,17735,0
2626,10074,0
2628,44235,0
2633,11742,0
2638,26978,0
1703,36112,0
2583,647,0
2486,36717,0
2582,19026,0
1743,5080,0
1777,34848,0
1775,30396,0
2503,1406,0
1773,6925,0
2505,29944,0
2508,41845,0
2509,35121,0
2511,32489,0
1767,15423,0
2515,31505,0
2521,23685,0
2526,19638,0
2527,1402,0
2529,2644,0
2538,26057,0
2542,26537,0
1753,8410,0
2551,34759,0
2556,7950,0
2564,26410,0
1744,15011,0
2567,15031,0
1860,33423,0
2318,44818,0
2317,34150,0
1968,13325,0
1965,19824,0
2107,38866,0
2112,36091,0
1962,38686,0
1961,657,0
2115,44159,0
2120,38586,0
2126,1033,0
1954,41055,0
2129,25501,0
1952,30064,0
2130,43580,0
1949,23378,0
2138,28438,0
2142,32399,0
2144,873,0
2148,44533,0
1940,31299,0
2150,30551,0
2152,3025,0
2101,17271,0
1936,21916,0
1971,27435,0
1973,8615,0
2017,43184,0
2018,11799,0
2002,43701,0
2022,16441,0
2000,44366,0
2029,9731,0
2035,21517,0
1994,11504,0
2052,624,0
2061,41084,0
2062,24653,0
1986,22364,0
2066,45129,0
2072,1673,0
2077,38813,0
1980,20283,0
1979,34022,0
2080,6552,0
1977,22583,0
2082,20627,0
2096,40170,0
2097,40187,0
1935,25626,0
2155,23945,0
2162,38085,0
1895,38252,0
1894,24797,0
2248,27854,0
1891,13426,0
2251,16404,0
2253,32915,0
1885,8317,0
2269,14603,0
2272,4070,0
1881,7064,0
2280,22306,0
1879,1005,0
2281,29719,0
2282,621,0
2290,28589,0
2291,2851,0
2296,26767,0
2300,29208,0
2302,18430,0
2311,22618,0
1866,7671,0
2246,27436,0
1898,39407,0
2240,14827,0
1901,4273,0
2168,34455,0
1929,22847,0
2170,41253,0
2173,33310,0
2179,23847,0
2182,26752,0
1920,34372,0
2191,8525,0
1918,18525,0
2206,584,0
2641,3953,0
2214,24221,0
2216,36548,0
1911,7275,0
2218,3593,0
2219,16113,0
2223,18923,0
1907,15280,0
1906,33234,0
2228,24764,0
2229,19791,0
2235,30053,0
2215,20361,0
1388,44591,0
2643,16112,0
1699,6206,0
3024,27966,0
1502,7481,0
1501,15601,0
1498,19570,0
1496,8394,0
1495,32304,0
1493,20687,0
1490,28206,0
1489,5959,0
3044,10755,0
3051,14737,0
3053,31906,0
1482,34601,0
3054,7707,0
1480,7817,0
1479,2110,0
3055,128,0
3065,27400,0
3077,4193,0
3078,24694,0
3079,34295,0
3017,5921,0
3080,109,0
3014,43126,0
1511,12732,0
1549,32706,0
1548,34162,0
2921,20928,0
2923,6687,0
2924,18591,0
2931,16305,0
2939,31646,0
2944,2286,0
2947,28608,0
2948,39432,0
2955,27985,0
2961,18063,0
2963,35348,0
1527,1139,0
2975,30956,0
1523,4377,0
2983,44754,0
2985,9985,0
2989,23062,0
1515,20392,0
3002,17702,0
3009,42347,0
1550,5875,0
1469,10803,0
3092,5645,0
3145,30100,0
1425,37922,0
3156,44907,0
1422,26087,0
3164,1422,0
3170,16307,0
3175,1681,0
1415,35441,0
3180,4057,0
3187,27815,0
3197,42624,0
3201,37508,0
3204,2541,0
1401,2328,0
1400,37161,0
1398,40476,0
3215,43067,0
3218,2916,0
3222,16262,0
1392,19245,0
3226,40289,0
3141,219,0
3081,42984,0
1431,13920,0
1433,5545,0
3095,17644,0
3101,42895,0
1461,9831,0
1460,32646,0
3102,26322,0
3103,37980,0
1457,8372,0
1456,37889,0
1455,33079,0
1453,18863,0
3110,30340,0
3117,44839,0
3118,27583,0
3120,11708,0
3123,39124,0
3124,40026,0
1440,3461,0
3127,9027,0
3129,35987,0
3131,3460,0
1435,7515,0
3135,43487,0
2917,43429,0
1552,7656,0
1554,31733,0
2703,6354,0
2709,26781,0
2711,40420,0
2716,37776,0
1662,32549,0
2721,17901,0
1658,24316,0
2722,4775,0
2723,25916,0
2726,283,0
2729,24169,0
2740,44798,0
2741,11347,0
2747,34389,0
1649,36096,0
2749,30000,0
2750,26481,0
2751,25036,0
2752,2298,0
2754,40646,0
2755,30610,0
2702,44599,0
2758,26006,0
1668,14917,0
2701,25793,0
2644,11378,0
2645,1912,0
1696,5466,0
2648,15435,0
1693,16468,0
2650,31410,0
2657,32459,0
2671,2279,0
1685,38035,0
2673,21878,0
2674,5925,0
2676,7225,0
2679,42091,0
2680,22396,0
2681,36252,0
2685,26484,0
2690,6810,0
1675,32822,0
2695,2174,0
2696,14880,0
2697,3378,0
1669,31542,0
2761,16466,0
2765,19415,0
2767,70,0
2843,6821,0
2853,11711,0
1593,39438,0
2856,11886,0
2868,6988,0
1585,14493,0
2870,39336,0
2875,38979,0
2886,31407,0
2890,6916,0
2893,14339,0
2895,13431,0
2897,39679,0
1569,36177,0
1568,26891,0
1564,22859,0
1563,8541,0
2905,2007,0
2906,31637,0
1560,28192,0
2912,33771,0
2836,29452,0
2834,13250,0
2827,31421,0
2818,5757,0
1637,19387,0
1635,29303,0
2771,32301,0
2773,581,0
2774,14765,0
2775,37858,0
2776,29392,0
1628,7390,0
1627,8200,0
1626,18194,0
1700,35452,0
2778,8692,0
2780,23695,0
2781,25524,0
1621,9146,0
2783,26313,0
1617,38938,0
1615,38034,0
2795,39839,0
1613,15217,0
2811,2746,0
2815,27797,0
2779,24847,0
4270,42371,0
2009,37149,0
389,30360,0
4865,21268,0
5386,32308,0
166,297,0
5385,38677,0
168,24293,0
4867,42892,0
466,4119,0
5387,10378,0
169,34278,0
4876,43786,0
4879,17581,0
170,5576,0
461,21786,0
460,14921,0
459,12773,0
458,25736,0
4875,29682,0
5389,2743,0
469,40068,0
470,22021,0
488,13552,0
487,13655,0
4840,41769,0
155,2982,0
4843,35319,0
5403,6882,0
157,43403,0
482,35982,0
158,9270,0
159,44739,0
5397,16109,0
5392,1975,0
477,29653,0
475,12642,0
5391,12082,0
472,18192,0
4863,30459,0
4881,32451,0
4833,20129,0
4884,10324,0
4888,4093,0
5365,5369,0
4928,9877,0
434,13022,0
433,21351,0
4930,32290,0
5364,44831,0
430,30937,0
4927,609,0
429,19536,0
428,24886,0
5362,37918,0
5359,31392,0
426,13595,0
425,9829,0
424,27396,0
4941,2299,0
184,22812,0
4924,35401,0
4923,10454,0
5367,23298,0
4890,19652,0
174,33969,0
4894,1464,0
450,7439,0
4898,10480,0
5377,9830,0
176,24095,0
5373,7916,0
4902,1697,0
4908,29449,0
4910,20371,0
443,23681,0
4913,29311,0
4914,16123,0
5372,9384,0
5371,41744,0
5369,21202,0
173,23808,0
4942,7576,0
4829,289,0
4827,8206,0
4729,9931,0
122,44016,0
4736,13852,0
544,6491,0
5461,23496,0
124,21155,0
5457,25352,0
4728,7745,0
540,17466,0
5455,34476,0
5454,30034,0
4741,21358,0
537,26965,0
5452,39814,0
4743,17859,0
5448,26907,0
4740,33940,0
549,25607,0
550,25562,0
121,4855,0
115,20779,0
5472,10822,0
5471,44759,0
565,34671,0
4705,42058,0
4711,39737,0
4712,19756,0
4713,29350,0
5469,10969,0
4717,21495,0
5463,13501,0
556,5356,0
4721,15694,0
4722,5343,0
4724,17265,0
4725,15871,0
4727,2276,0
4750,41676,0
5412,19334,0
4751,5102,0
531,22109,0
511,15016,0
4795,35092,0
4797,36337,0
5425,4892,0
507,4165,0
505,842,0
147,28028,0
5428,24823,0
5424,29974,0
500,13976,0
4813,8161,0
5418,12058,0
496,43054,0
495,27784,0
5413,21841,0
493,19700,0
501,32324,0
512,8225,0
5434,42863,0
4790,28066,0
134,9738,0
4755,23823,0
4756,43621,0
4762,24234,0
4767,29580,0
137,29518,0
5191,27108,0
524,399,0
138,12203,0
5441,37134,0
5440,12629,0
4779,14084,0
520,8538,0
5439,3242,0
4780,17457,0
516,3431,0
4789,23114,0
4754,23701,0
4703,34169,0
4944,39766,0
418,35209,0
5102,3279,0
5106,22980,0
5251,41592,0
248,13205,0
249,14856,0
250,44842,0
5109,210,0
5100,19537,0
251,6181,0
5111,61,0
5113,42635,0
5248,30973,0
5115,21920,0
323,26701,0
254,884,0
257,41458,0
5250,36214,0
5257,18729,0
5099,38785,0
5258,12179,0
5075,2726,0
5270,39457,0
346,16243,0
5269,43943,0
5266,27670,0
5081,23460,0
344,16922,0
5083,4563,0
5086,4619,0
341,17515,0
5087,18435,0
338,5488,0
5261,9062,0
337,1219,0
5092,25720,0
5093,2158,0
243,14695,0
5118,41785,0
349,5991,0
320,38933,0
5233,12555,0
5155,40391,0
5207,43511,0
5206,21257,0
295,7175,0
5163,29918,0
275,24802,0
292,7168,0
5152,43032,0
5168,27537,0
289,13424,0
5172,6253,0
5177,6658,0
5183,14283,0
5203,14857,0
5200,21355,0
5194,19265,0
5169,34465,0
303,853,0
270,43256,0
5149,41006,0
5232,20562,0
5122,13825,0
5230,12739,0
5227,7800,0
5226,5175,0
5127,40609,0
5222,12296,0
314,22678,0
5220,20730,0
5132,42796,0
5219,37000,0
312,13168,0
5137,16886,0
310,7336,0
5138,33360,0
5141,10926,0
5142,14009,0
5120,27891,0
419,29343,0
5074,1748,0
5271,16145,0
4988,34298,0
4992,9267,0
5337,8239,0
4995,23819,0
4999,22086,0
395,11433,0
5331,42780,0
4986,37448,0
393,23076,0
5324,42937,0
390,26885,0
388,34006,0
5318,22395,0
387,29385,0
5313,30829,0
5311,36645,0
5006,19651,0
199,42085,0
4977,27067,0
5344,44291,0
5352,19372,0
5351,5548,0
191,10385,0
5350,5977,0
4954,40205,0
4955,12000,0
4957,32053,0
4960,25610,0
4961,12143,0
194,5504,0
4963,43848,0
4966,44244,0
408,10823,0
4967,16765,0
406,22788,0
196,18005,0
4976,6350,0
384,16172,0
5073,26273,0
5012,4455,0
5014,385,0
227,11396,0
5039,1962,0
229,30879,0
5274,13597,0
5043,2772,0
5050,42363,0
231,19382,0
366,39437,0
361,20251,0
5054,20663,0
357,35166,0
5063,14791,0
5064,1807,0
232,16169,0
5067,42401,0
234,11470,0
5052,39052,0
5277,14293,0
225,24280,0
224,25668,0
5307,34760,0
381,21048,0
5306,18560,0
379,33811,0
378,30938,0
5303,22982,0
5296,18851,0
376,30277,0
5021,16334,0
5023,42911,0
5293,15022,0
373,36280,0
372,12208,0
5024,26637,0
5025,35963,0
5284,4401,0
5280,22517,0
5309,7411,0
567,8407,0
4773,14091,0
4696,18716,0
653,26927,0
18,36614,0
4372,23670,0
64,12123,0
655,42235,0
63,5396,0
19,34153,0
756,25243,0
5623,27038,0
658,29198,0
4529,18524,0
660,21434,0
661,34534,0
5550,37577,0
4525,25973,0
664,12730,0
4522,4012,0
677,33834,0
4395,35279,0
675,31142,0
4500,35832,0
5562,35309,0
4501,36786,0
5546,34003,0
56,23796,0
670,42516,0
5615,38651,0
5558,40690,0
4515,17149,0
5621,18798,0
21,41199,0
4391,32782,0
5614,38476,0
652,14354,0
759,16071,0
4358,13759,0
5627,11902,0
78,18442,0
766,14313,0
76,16213,0
4360,40787,0
5527,41283,0
4435,14180,0
764,28593,0
5625,17708,0
73,25561,0
14,26011,0
762,4305,0
5529,28968,0
71,26350,0
5530,43170,0
4570,28616,0
650,20926,0
5624,34667,0
5539,19034,0
16,4813,0
4554,3482,0
68,6921,0
4550,14277,0
4563,4500,0
15,42538,0
4368,28445,0
5532,39433,0
4362,42981,0
4569,24168,0
644,28443,0
4566,35878,0
5515,27171,0
748,3734,0
54,35122,0
701,21077,0
731,1278,0
730,18943,0
4455,18397,0
703,38957,0
5573,13150,0
5604,28322,0
4418,35420,0
4452,13033,0
4419,39985,0
5601,25258,0
5599,2558,0
5597,27237,0
4451,26229,0
724,27831,0
707,12994,0
4449,1453,0
4433,34819,0
5581,30862,0
5579,42002,0
4439,23520,0
37,18533,0
38,17418,0
700,16201,0
713,27933,0
721,36913,0
5578,3579,0
712,17802,0
711,19313,0
723,2185,0
4447,29172,0
4430,20579,0
679,26157,0
732,13511,0
4461,23722,0
5563,36787,0
4399,42309,0
4493,19962,0
4401,28435,0
5606,8801,0
4487,8763,0
4403,13077,0
684,27324,0
4406,7560,0
4486,29953,0
4484,8875,0
5567,20788,0
4475,8919,0
689,23186,0
49,19341,0
4409,16221,0
5605,7956,0
696,22780,0
4462,9132,0
734,28266,0
44,23951,0
45,25239,0
4414,21824,0
4415,17016,0
4413,11368,0
47,9806,0
692,42555,0
737,14653,0
738,42102,0
4471,23323,0
739,2791,0
5569,37063,0
5513,22267,0
638,24138,0
5630,20453,0
589,14005,0
590,21023,0
4666,18985,0
4658,7497,0
5490,41137,0
797,2730,0
4289,7822,0
4294,37458,0
4296,13670,0
102,1388,0
4656,37152,0
595,13911,0
793,15529,0
5642,26496,0
5638,14584,0
598,1900,0
790,33348,0
4650,20477,0
600,17052,0
4586,10463,0
4636,18004,0
4631,14766,0
4629,23974,0
607,3862,0
4627,4203,0
4621,41272,0
97,21775,0
4669,40953,0
96,646,0
4284,3031,0
4670,25245,0
4695,1285,0
4691,1045,0
4688,7142,0
4687,1157,0
573,13847,0
4685,11930,0
575,8249,0
5478,37662,0
4279,21671,0
4682,12527,0
5479,41477,0
4678,14000,0
5482,13581,0
579,25152,0
110,41928,0
580,3030,0
581,12654,0
109,4336,0
582,30658,0
1,30629,0
4673,41223,0
108,25434,0
5483,34165,0
5486,2989,0
5487,43835,0
4671,6936,0
2,39924,0
4281,6759,0
5503,19080,0
99,44208,0
717,3564,0
5632,4969,0
4328,34424,0
4613,11625,0
84,8409,0
4595,37030,0
92,7613,0
5510,41144,0
625,43709,0
91,19224,0
618,2191,0
783,20305,0
86,23715,0
4609,34522,0
4315,26078,0
5509,30883,0
4346,18701,0
4617,20397,0
4324,32538,0
4601,9006,0
4337,27003,0
4606,24878,0
5506,43712,0
89,16313,0
4593,31942,0
615,14499,0
4594,31271,0
4331,39863,0
8,26124,0
4349,26379,0
4312,4265,0
4314,36476,0
94,18874,0
4615,6904,0
772,13609,0
4350,18633,0
4352,36903,0
4616,2237,0
10,22734,0
613,44554,0
631,17698,0
2121,43399,1
2717,14443,1
2777,36511,1
2859,5071,1
2852,33813,1
5236,24333,1
2055,14018,1
5245,43446,1
2700,44734,1
2855,27134,1
5225,34976,1
2857,8842,1
5593,5746,1
2067,7266,1
2770,32618,1
5276,24081,1
2116,35302,1
5594,4556,1
5201,39046,1
2063,14539,1
2086,36933,1
2719,42932,1
2813,34168,1
2812,32683,1
2100,195,1
5209,41243,1
2807,13674,1
2805,43076,1
2746,41679,1
5214,37635,1
2802,3541,1
2798,4280,1
2027,17079,1
5265,10048,1
5635,10783,1
5264,21336,1
2030,17770,1
5212,38613,1
5633,5857,1
2789,38382,1
2842,13506,1
5607,11180,1
5267,20341,1
2759,10894,1
2047,12263,1
2840,42709,1
5646,34176,1
2039,32277,1
5273,31908,1
5218,9625,1
5256,38799,1
5204,5653,1
2106,12895,1
5205,9571,1
2821,2813,1
2787,27061,1
2103,32044,1
2788,20722,1
5215,36813,1
2816,6832,1
2025,20037,1
2041,42989,1
2617,37840,1
2122,28619,1
2283,17183,1
2495,22323,1
2287,43512,1
2288,9035,1
2493,2331,1
2490,44306,1
2497,27389,1
2484,21429,1
5422,3230,1
2476,29644,1
5505,21127,1
2473,37830,1
2471,16904,1
2297,16811,1
2483,15518,1
5507,39929,1
2502,15209,1
5411,15046,1
5523,18398,1
5518,26501,1
2249,4035,1
5517,32162,1
2256,17944,1
2520,23728,1
2262,11806,1
2519,32428,1
2264,6923,1
2513,34538,1
2512,43313,1
5511,10791,1
2510,26889,1
2279,15757,1
5405,13826,1
2467,27292,1
2465,5042,1
2314,18377,1
2464,6404,1
5492,2814,1
2422,40632,1
5449,9803,1
2328,5841,1
2332,36117,1
5456,31748,1
5459,24195,1
2397,42223,1
2391,11715,1
2388,34443,1
2336,20727,1
2379,23024,1
2353,29662,1
5467,25661,1
2361,10079,1
5444,30250,1
2247,4817,1
2323,37992,1
5495,961,1
5436,43787,1
5437,17168,1
2459,15703,1
2316,28061,1
5498,19718,1
2448,20262,1
2444,2624,1
2319,29025,1
2441,29481,1
5442,39636,1
2435,10172,1
5496,29190,1
5443,5144,1
2321,8238,1
2322,19592,1
2425,44813,1
5290,2826,1
2540,25715,1
2546,1271,1
5328,25742,1
5571,6193,1
2145,9606,1
5336,21985,1
5570,9976,1
5343,29206,1
5325,27682,1
2151,36546,1
5568,41641,1
2637,16413,1
2153,24060,1
2636,9084,1
5347,5354,1
2631,31519,1
2640,45061,1
2647,756,1
5321,32616,1
2649,17160,1
5582,7705,1
5297,23579,1
2684,4071,1
2134,36578,1
5305,2088,1
2136,34243,1
2137,19067,1
5308,27642,1
5575,43378,1
2672,44174,1
5316,21893,1
2658,33814,1
2139,44135,1
2651,27661,1
5320,37700,1
5348,10669,1
2624,6689,1
2620,19802,1
2619,45101,1
2587,25114,1
2586,25005,1
2580,31832,1
5542,2760,1
2569,8781,1
2566,36354,1
5382,18036,1
5384,38981,1
2563,38101,1
2560,21533,1
2555,24517,1
2239,15706,1
5528,34155,1
2547,27110,1
2244,28125,1
5547,6204,1
2545,38931,1
2589,1594,1
2205,37894,1
2164,41482,1
5566,13870,1
5476,38766,1
5565,12781,1
2611,12613,1
2610,28553,1
2174,24109,1
5358,29093,1
2178,11790,1
5363,17612,1
2185,13148,1
2190,23802,1
5561,8517,1
5554,30809,1
2196,37906,1
5548,31752,1
2866,26881,1
4275,16399,1
2869,32022,1
4610,11070,1
3857,12800,1
3851,45048,1
3845,5116,1
3836,4543,1
4618,4564,1
3826,42689,1
3824,28928,1
3823,19217,1
4638,7780,1
3865,32575,1
4641,19358,1
3810,27214,1
3808,29279,1
4652,18661,1
4653,32697,1
3806,41260,1
3801,21504,1
3799,14169,1
4657,12354,1
3794,44515,1
3788,14326,1
4649,26985,1
3776,43447,1
3866,17851,1
4604,28871,1
4576,31683,1
3912,1319,1
4577,6585,1
3910,13912,1
4581,38247,1
4582,13263,1
3907,3737,1
3906,8786,1
3905,40945,1
4583,6892,1
3869,37267,1
3898,31690,1
3892,2150,1
3890,2372,1
4588,5211,1
3883,12472,1
4598,4201,1
4599,36246,1
3881,19633,1
3880,26207,1
4602,16752,1
3876,22413,1
4587,41677,1
4672,9254,1
3765,34991,1
3763,24121,1
3667,30893,1
3666,12389,1
3664,5457,1
3663,36642,1
3655,15617,1
4746,16851,1
3652,10192,1
3642,37064,1
3640,40786,1
3636,9058,1
3669,22365,1
3627,12539,1
3620,6202,1
3617,11028,1
4775,20798,1
3612,34321,1
4777,11638,1
3610,30437,1
3609,25260,1
3602,37269,1
3599,21882,1
4781,17104,1
4771,369,1
4739,26859,1
3672,9294,1
4738,35446,1
3761,19649,1
4674,21539,1
3757,30010,1
3752,33521,1
3749,37091,1
3747,32209,1
3745,22862,1
4683,28158,1
3731,31330,1
3729,19917,1
3725,17518,1
3723,27393,1
3722,20821,1
4715,13946,1
4716,22234,1
4719,5055,1
3710,5936,1
3699,20636,1
3689,2338,1
4733,40985,1
3687,29543,1
4737,40660,1
3677,34118,1
3922,22087,1
3593,19429,1
3925,22225,1
3927,15157,1
4191,23737,1
4374,17432,1
4384,35827,1
4385,21333,1
4183,33258,1
4389,10963,1
4390,44827,1
4398,30660,1
4170,8659,1
4166,9398,1
4196,17476,1
4402,5323,1
4407,16941,1
4411,26002,1
4121,10901,1
4422,25837,1
4423,38123,1
4425,43894,1
4106,26216,1
4429,41683,1
4101,16379,1
4095,12774,1
4155,9205,1
4436,36585,1
4199,32405,1
4204,26921,1
4268,30322,1
4280,16224,1
4287,4028,1
4300,37210,1
4301,6868,1
4303,16773,1
4308,7406,1
4309,41810,1
4245,36559,1
4311,13713,1
4200,26982,1
4244,11163,1
4323,28663,1
4236,10072,1
4234,43426,1
4347,37955,1
4348,42187,1
4353,2507,1
4221,30395,1
4219,20761,1
4361,12114,1
4208,38577,1
4317,2388,1
4086,3697,1
4085,12628,1
4082,1985,1
4498,36338,1
3975,18190,1
3973,20168,1
4503,28689,1
4507,32497,1
3970,936,1
4509,24379,1
4520,42674,1
3967,39389,1
4523,10099,1
4496,5579,1
4528,7503,1
4534,37289,1
4540,35683,1
4547,32436,1
3947,10734,1
3946,20825,1
3945,3507,1
4561,41177,1
3933,41948,1
4571,5751,1
4572,3855,1
3956,15390,1
3990,29497,1
3992,12671,1
4495,22589,1
4078,33620,1
4441,33745,1
4067,10173,1
4062,17293,1
4060,861,1
4057,15610,1
4445,42030,1
4051,41473,1
4454,4726,1
4457,16898,1
4460,42121,1
4024,41156,1
4020,34103,1
4464,9020,1
4019,802,1
4017,22864,1
4470,5766,1
4009,14840,1
4473,2194,1
4004,12169,1
4480,14341,1
4490,3277,1
3995,41326,1
4575,5411,1
5193,7416,1
4782,39153,1
4791,33543,1
3112,8658,1
3106,5568,1
5060,1295,1
5062,2649,1
5065,29891,1
3091,29487,1
3089,5503,1
3088,10598,1
5078,21796,1
3075,10444,1
3114,32905,1
3071,5843,1
5088,43340,1
3049,3401,1
3048,27226,1
3047,12597,1
3043,17707,1
3036,44698,1
3035,7544,1
3034,44421,1
3028,36424,1
3027,35015,1
3068,4518,1
5107,31994,1
3116,6427,1
3121,8321,1
3193,10085,1
3189,16421,1
3185,30003,1
5008,8952,1
3179,6978,1
5010,9523,1
3166,27511,1
3165,23231,1
3162,29726,1
3157,31773,1
5036,28472,1
5016,38226,1
3143,17609,1
5018,10369,1
3140,16153,1
3133,2531,1
3130,2761,1
5029,33842,1
3126,33679,1
5030,22512,1
5032,32931,1
3122,37181,1
3151,12418,1
5108,36521,1
3025,6211,1
5110,7262,1
5157,19442,1
2913,1012,1
5158,26282,1
2910,41337,1
2909,33527,1
2907,1707,1
5159,11732,1
5160,16185,1
5166,15469,1
2903,40993,1
2916,33254,1
2902,42708,1
2892,17339,1
2884,25894,1
2883,15224,1
2882,16168,1
2880,41048,1
2878,29800,1
2877,49,1
5184,42306,1
2871,5975,1
5190,11575,1
2901,15821,1
5156,23037,1
5150,6478,1
2918,38330,1
3015,28748,1
3010,40380,1
3006,22083,1
2996,43601,1
2994,21549,1
5117,9928,1
2990,13924,1
2980,38132,1
2977,23120,1
2976,21370,1
5124,18389,1
2969,8178,1
2965,38833,1
5126,27858,1
2962,44203,1
2960,2915,1
2951,40356,1
2945,11756,1
2935,40570,1
2933,4264,1
5139,41782,1
2930,20174,1
2920,42633,1
3195,23180,1
3587,39086,1
3196,33588,1
3203,29832,1
4849,21176,1
4850,21393,1
3486,11868,1
3485,29142,1
4852,25800,1
4853,40593,1
4857,32957,1
4858,14680,1
3469,36873,1
3461,42768,1
3489,27695,1
3453,24689,1
3449,34096,1
3444,10081,1
3440,11911,1
3439,19767,1
3435,37931,1
3432,1808,1
3429,9401,1
4877,27755,1
3426,20552,1
3419,3798,1
3451,29704,1
4883,25930,1
4848,22952,1
3495,30006,1
3565,18583,1
3553,6316,1
4798,3309,1
4803,24735,1
3544,35101,1
4806,11247,1
3541,42746,1
4807,4156,1
3535,19136,1
4812,14131,1
4845,38157,1
3529,44280,1
4821,33928,1
3524,37128,1
3521,25149,1
4823,31263,1
3517,40815,1
3515,18109,1
4838,22186,1
3511,37724,1
3505,40,1
4841,31338,1
4818,41454,1
3414,16690,1
3409,7132,1
3407,32503,1
3285,39783,1
3282,7040,1
3274,1068,1
3271,18295,1
3270,39880,1
3261,27359,1
3259,42115,1
3256,21656,1
3255,29524,1
3242,2579,1
4953,4660,1
4973,21914,1
3232,16162,1
3230,323,1
4980,29131,1
3224,41607,1
3223,24927,1
5004,37277,1
3213,30681,1
3211,43110,1
5005,33689,1
3206,9568,1
4975,11220,1
3291,19834,1
4949,43637,1
3301,37366,1
3397,17928,1
4893,40250,1
3395,28203,1
4896,35644,1
3385,33992,1
4901,3928,1
3381,16792,1
3378,22129,1
3377,16880,1
3364,43599,1
3346,19232,1
4919,43119,1
3341,35865,1
4920,20535,1
3338,35269,1
4934,26388,1
3322,23319,1
3315,21749,1
4936,35191,1
3313,43493,1
4939,6366,1
3310,38122,1
3304,12701,1
4277,35902,1
2826,29225,1
5653,8375,1
1026,20206,1
1321,23075,1
630,7969,1
1202,42133,1
878,39148,1
1198,26594,1
557,32070,1
1195,17039,1
1660,34362,1
1194,1138,1
1193,41375,1
149,12154,1
881,24007,1
1412,29933,1
1505,23917,1
1905,30991,1
632,34530,1
1810,8504,1
1661,26760,1
873,33042,1
870,25331,1
1666,14836,1
247,37929,1
252,19892,1
858,21501,1
750,7831,1
1887,26599,1
1813,19811,1
860,8326,1
1665,2059,1
1213,40805,1
1492,28364,1
1319,16341,1
867,43984,1
868,23785,1
746,24006,1
745,22921,1
1207,18870,1
634,13905,1
1508,42052,1
885,12358,1
260,34315,1
1173,31130,1
422,20292,1
334,8647,1
1646,28086,1
333,31504,1
609,454,1
116,42558,1
269,44929,1
903,17926,1
1922,7112,1
904,26566,1
332,38066,1
1642,17516,1
1641,32465,1
111,1644,1
1156,839,1
1640,19413,1
1174,7981,1
568,29752,1
126,11570,1
130,22091,1
635,22197,1
1807,24158,1
340,36641,1
547,21558,1
142,42430,1
1409,41221,1
1913,24601,1
415,2582,1
887,6067,1
1183,17894,1
261,38499,1
416,24105,1
1408,25533,1
892,19042,1
1653,21484,1
546,39276,1
1737,18097,1
336,33432,1
623,14756,1
1883,40231,1
1818,35821,1
1450,31011,1
614,11348,1
1830,13728,1
1690,9246,1
1294,29562,1
377,7220,1
228,6939,1
1454,10859,1
1829,1876,1
795,13505,1
1848,25824,1
597,7134,1
1297,29123,1
1852,44246,1
1853,625,1
801,43722,1
802,16642,1
1449,31196,1
235,31850,1
1448,32205,1
1844,38740,1
610,34644,1
776,12858,1
1708,23430,1
774,28053,1
771,21035,1
1287,37937,1
1441,25113,1
1840,15953,1
1442,9548,1
767,30269,1
1288,24979,1
213,17075,1
780,21425,1
1275,5907,1
369,32091,1
1843,23357,1
1698,36095,1
785,38632,1
534,12322,1
1715,11380,1
1467,22674,1
1226,9654,1
827,38764,1
1421,36829,1
1873,31642,1
1308,8784,1
1875,1784,1
1420,2385,1
574,31776,1
1419,13075,1
1876,26857,1
167,10159,1
572,42835,1
1724,28243,1
1418,44350,1
400,8891,1
350,1704,1
245,2348,1
1678,35431,1
1466,38980,1
355,39998,1
179,17951,1
1861,41396,1
1245,25056,1
1863,26339,1
1826,5567,1
1299,33240,1
394,13529,1
1301,7915,1
587,43677,1
585,24887,1
1424,33239,1
358,20265,1
1475,36531,1
183,1444,1
578,11450,1
1820,6432,1
1869,15483,1
826,28994,1
178,20033,1
1740,19052,1
648,22730,1
914,1000,1
26,1603,1
1756,18391,1
1601,21571,1
502,43553,1
972,25754,1
465,40260,1
977,36263,1
27,33183,1
1984,21958,1
1561,33465,1
23,19788,1
1562,6605,1
1757,3940,1
685,16174,1
294,8374,1
1567,38807,1
293,5847,1
463,30797,1
30,11444,1
1070,43027,1
36,21090,1
287,41024,1
1091,43784,1
665,14532,1
34,2593,1
1605,322,1
456,33618,1
951,1121,1
1798,42221,1
457,27870,1
955,30705,1
506,39514,1
1551,35378,1
32,40248,1
962,15400,1
1072,25847,1
965,26332,1
989,26541,1
990,2740,1
1058,32072,1
498,1703,1
5,5304,1
1012,12637,1
1999,30606,1
4,14146,1
1595,5011,1
1763,23187,1
489,16000,1
678,22798,1
1591,3843,1
3,5754,1
2004,24132,1
1583,36239,1
1367,41985,1
2005,24859,1
481,30655,1
1021,44528,1
1587,5373,1
669,24508,1
1752,26893,1
1375,41239,1
1047,23933,1
22,43441,1
992,17289,1
993,9501,1
994,21960,1
683,5595,1
997,44019,1
1769,21861,1
1054,29095,1
999,28735,1
1002,10476,1
1596,28613,1
1378,20197,1
1993,14829,1
491,39865,1
1576,35102,1
1995,1053,1
1008,37824,1
1040,41661,1
688,16864,1
1603,44570,1
1932,35718,1
1104,20715,1
273,43953,1
1955,30711,1
1105,8480,1
934,9288,1
1144,21027,1
1334,30353,1
1107,6194,1
1749,5139,1
526,43836,1
1616,13345,1
1140,35972,1
1948,37105,1
1537,20348,1
1115,29636,1
519,43018,1
921,44044,1
1125,33711,1
441,40566,1
1390,42691,1
72,2004,1
329,42417,1
440,11665,1
523,26831,1
77,41451,1
439,27164,1
714,20066,1
330,27627,1
925,14763,1
321,41495,1
437,14555,1
1102,38937,1
1797,25961,1
1542,39473,1
452,9159,1
1541,33517,1
915,22792,1
1382,40793,1
449,43223,1
1638,31232,1
1098,25604,1
1931,33369,1
1750,15019,1
718,8358,1
55,5186,1
285,14295,1
654,4867,1
1147,30283,1
937,12347,1
699,3488,1
1538,43697,1
695,9724,1
698,12804,1
1383,40184,1
938,10163,1
936,18173,1
1391,5987,2
4574,41870,2
649,6887,2
4512,482,2
4542,32362,2
3252,30800,2
611,22902,2
4556,20395,2
3199,1680,2
1394,13695,2
3216,32968,2
1427,35653,2
1373,37299,2
1376,14486,2
1393,6890,2
3147,38395,2
642,20868,2
3258,11321,2
645,9532,2
641,21418,2
4526,13626,2
1387,35582,2
3149,10460,2
4524,42923,2
662,43094,2
3173,17819,2
1416,24467,2
3177,12650,2
4600,7827,2
3243,38272,2
3178,15278,2
3168,23950,2
621,25997,2
4521,1418,2
3246,45075,2
3163,17697,2
667,15638,2
4516,6703,2
4530,32153,2
3161,10600,2
4611,28168,2
668,17737,2
3152,24382,2
3249,27971,2
3153,8304,2
4607,41544,2
639,15888,2
4597,11671,2
4537,22996,2
3159,8256,2
3160,1786,2
657,216,2
4531,26281,2
1411,4538,2
3155,2342,2
606,8768,2
1488,11661,2
1432,2265,2
2968,19626,2
2966,31082,2
1526,22623,2
2964,37969,2
525,7747,2
1530,31173,2
2959,38602,2
4776,29213,2
3909,3064,2
4784,12653,2
2950,41297,2
4786,11032,2
1535,39167,2
2946,11641,2
4792,32995,2
527,15298,2
2940,32453,2
4766,34576,2
4761,25586,2
542,32249,2
541,2893,2
539,5010,2
538,36678,2
2988,20903,2
4744,18086,2
4745,31319,2
1518,33469,2
535,40803,2
1519,31682,2
4747,32632,2
4752,21565,2
530,23578,2
529,34719,2
4758,36842,2
4764,25153,2
2938,1536,2
2937,21860,2
2936,35411,2
2898,18424,2
1570,758,2
1571,12080,2
1573,21899,2
492,30585,2
2885,40323,2
1577,12513,2
1578,5726,2
490,19258,2
1579,43390,2
2879,28534,2
4839,14989,2
2872,11617,2
1584,41118,2
1586,7468,2
4816,9189,2
1565,38932,2
4815,2294,2
499,10241,2
510,36840,2
1540,12824,2
2932,2457,2
2929,16134,2
508,10217,2
2927,14835,2
2926,34097,2
2995,29434,2
1544,40914,2
1545,28073,2
1546,13443,2
4804,1905,2
503,24634,2
4808,943,2
1556,24414,2
1558,35263,2
2922,5940,2
545,3617,2
2998,19587,2
2999,5266,2
3097,13658,2
4660,27581,2
591,9619,2
3084,37319,2
4668,29716,2
588,36494,2
1472,43434,2
583,13455,2
1474,15257,2
3074,40300,2
3073,23326,2
4679,39992,2
3067,17298,2
3066,14825,2
1477,1282,2
3098,11097,2
4655,16196,2
4654,25887,2
1462,22071,2
3134,24334,2
1434,13997,2
3132,26769,2
1436,12892,2
1438,5158,2
4632,8858,2
1443,14335,2
4680,34088,2
4639,40974,2
3115,1826,2
3113,11733,2
4644,25320,2
4646,12929,2
3108,43639,2
601,25998,2
1458,30142,2
602,19354,2
3136,37205,2
577,29664,2
4686,38171,2
4718,29347,2
3022,32469,2
3021,14597,2
4720,9786,2
3018,12124,2
1506,30272,2
553,9531,2
3012,25376,2
1509,25270,2
3007,419,2
551,3609,2
548,6753,2
4730,3502,2
1512,44197,2
4732,26977,2
559,14190,2
560,17102,2
3032,41763,2
3033,18358,2
3058,37735,2
3057,40907,2
4690,33587,2
1478,32774,2
4692,20797,2
1484,29096,2
569,17203,2
4684,40536,2
1485,26560,2
3046,17982,2
671,43611,2
4699,35296,2
4702,40851,2
3039,11461,2
3037,42992,2
1497,44700,2
4697,18181,2
3262,33437,2
742,41644,2
3269,44227,2
4104,23677,2
4107,38093,2
3679,30513,2
3678,35172,2
4108,13377,2
3674,18003,2
1165,40255,2
899,42303,2
4115,3444,2
4118,30648,2
1171,11925,2
4119,3214,2
3662,12728,2
895,19519,2
3658,3356,2
4123,16889,2
4124,27487,2
4103,44982,2
890,18805,2
4097,2146,2
4093,7811,2
4066,30785,2
1135,21616,2
4072,42391,2
4073,36249,2
3716,23454,2
3715,4337,2
3714,7306,2
917,24375,2
3708,14085,2
3706,12639,2
3703,21735,2
3702,26082,2
3700,41960,2
4090,11854,2
4092,13985,2
3695,38403,2
1154,18795,2
1157,36934,2
1130,41322,2
4130,10713,2
4141,5836,2
3594,2247,2
4180,31507,2
3590,19411,2
3589,38942,2
4184,17134,2
4187,29101,2
4193,42699,2
4195,3095,2
4197,15039,2
855,24385,2
4203,30424,2
3573,2029,2
4206,27416,2
4207,42678,2
852,16330,2
3568,1480,2
4213,20494,2
869,27813,2
4134,26810,2
4177,25087,2
877,13316,2
886,14875,2
1187,13862,2
4143,17121,2
1188,36606,2
3635,30489,2
4146,42774,2
884,21862,2
4150,41787,2
4152,27317,2
883,501,2
3623,34284,2
3622,14667,2
4158,17237,2
4160,5159,2
3607,33215,2
4165,18532,2
3605,7149,2
876,4449,2
1129,1736,2
4065,21461,2
1127,15671,2
1053,7635,2
998,27838,2
3860,30875,2
3853,9100,2
3848,15731,2
3964,45031,2
3846,44590,2
3966,13238,2
3843,29970,2
982,17779,2
3839,3581,2
3974,27730,2
3978,13632,2
3986,15805,2
3987,23156,2
967,11591,2
3989,39006,2
3943,28407,2
3825,651,2
1051,3068,2
3938,40136,2
1023,16797,2
3914,36672,2
1020,23773,2
1030,23240,2
3897,17311,2
3918,29367,2
3923,6342,2
1034,10311,2
1035,18999,2
3928,19855,2
3930,42735,2
1038,25220,2
3934,19165,2
1044,27806,2
3878,12890,2
3875,16814,2
3874,36326,2
3871,4995,2
3991,5262,2
3822,10153,2
961,12277,2
3778,28872,2
4034,23484,2
4040,40032,2
3767,20578,2
1103,15521,2
3764,19662,2
3754,32098,2
3753,4413,2
1113,38706,2
1114,23875,2
929,40817,2
1120,15570,2
923,36802,2
1126,22793,2
4064,30092,2
3734,3758,2
3733,29652,2
3779,33877,2
941,26088,2
3784,30913,2
3785,24166,2
958,33856,2
3811,34934,2
1084,8406,2
4012,15931,2
1088,41404,2
3803,35375,2
4016,277,2
3798,23242,2
4214,21679,2
3797,39932,2
947,7667,2
1093,6429,2
4018,6184,2
946,3714,2
4021,25482,2
4023,39722,2
943,13657,2
3787,962,2
3796,20807,2
4217,9103,2
3564,33111,2
4218,1822,2
4410,10175,2
3361,28356,2
740,7836,2
4412,7525,2
3357,30896,2
735,10036,2
733,231,2
3353,40418,2
4421,30584,2
3351,1863,2
1325,24608,2
3348,32736,2
726,23167,2
1326,24909,2
3345,34405,2
4428,28065,2
4431,10477,2
741,16842,2
719,26098,2
1323,5733,2
485,33652,2
1306,5040,2
4379,36699,2
4381,20935,2
3394,3425,2
4382,2666,2
1312,43527,2
3389,28076,2
3386,8454,2
4388,32787,2
753,19138,2
4393,3893,2
1316,9604,2
1318,9871,2
744,33835,2
1320,43586,2
3370,7094,2
743,32032,2
1322,26185,2
1331,28395,2
1332,19566,2
716,33552,2
3295,6428,2
4481,23612,2
3293,30367,2
4482,28078,2
1359,3016,2
3290,21522,2
686,21594,2
1361,3455,2
4492,32611,2
3281,5426,2
3280,20850,2
3279,44622,2
3278,5876,2
3277,27417,2
3276,32179,2
4497,7427,2
1366,37970,2
4479,44137,2
1358,17784,2
3299,7028,2
1357,41602,2
3335,33898,2
4437,26071,2
3333,5665,2
1337,26480,2
715,31059,2
4446,12784,2
4448,39533,2
708,31914,2
4370,30571,2
4450,14458,2
3319,13561,2
704,15258,2
3317,5697,2
4456,5893,2
4465,18997,2
3307,13762,2
4469,7679,2
691,42326,2
4453,5687,2
4505,16635,2
1304,12883,2
1303,38206,2
4265,11619,2
808,27456,2
1241,14978,2
4269,7844,2
805,29314,2
3516,45027,2
4272,6912,2
804,11636,2
803,20416,2
3509,8413,2
4278,416,2
3504,2417,2
3503,15020,2
4283,13143,2
799,43005,2
3496,747,2
3494,2908,2
4262,35541,2
1258,3029,2
817,1377,2
4258,15719,2
4220,34167,2
845,14815,2
4226,41756,2
3555,29840,2
844,8368,2
4230,31002,2
840,11841,2
3549,23920,2
829,7892,2
3542,13462,2
1227,28300,2
4242,24308,2
3538,39942,2
4247,43129,2
3534,9118,2
3533,10636,2
4255,10981,2
3527,23213,2
4297,11313,2
4299,19347,2
4302,5564,2
3445,30753,2
4343,32773,2
3441,13118,2
775,6985,2
770,44648,2
1290,27112,2
3427,22470,2
1293,18498,2
765,43929,2
763,15294,2
3421,39848,2
3420,33950,2
3418,16610,2
3417,19160,2
4364,953,2
4367,3161,2
760,29220,2
3446,43189,2
3450,3929,2
1279,32522,2
4336,5370,2
1261,4207,2
3487,22155,2
3484,33181,2
3483,16144,2
4305,29875,2
3480,7524,2
786,28558,2
1271,3243,2
4369,29451,2
4319,7557,2
4325,37888,2
3464,35573,2
3463,29490,2
3462,38194,2
3460,34288,2
3459,23315,2
4332,37136,2
4333,35000,2
3467,27575,2
1588,32227,2
2008,8668,2
2415,7327,2
5173,6020,2
5171,12423,2
1919,19484,2
2187,2868,2
2186,43137,2
2507,34670,2
5162,16647,2
5161,8908,2
5477,21870,2
296,14848,2
113,36556,2
5154,41561,2
5153,6708,2
304,43921,2
1761,29044,2
2522,20507,2
2524,35485,2
2525,33600,2
5144,39956,2
1759,22572,2
2528,15381,2
5491,37087,2
2530,15145,2
103,18600,2
2532,37293,2
307,35042,2
2534,31456,2
5140,740,2
2536,42942,2
5176,23448,2
1779,10428,2
5180,23261,2
5182,44811,2
271,12608,2
272,25171,2
1796,40308,2
5208,26052,2
1793,6623,2
131,34551,2
278,34762,2
5202,2635,2
279,12048,2
5199,21723,2
5198,13863,2
5453,13519,2
1788,4157,2
5196,23095,2
5133,5216,2
2199,39586,2
2481,43139,2
282,41225,2
123,29028,2
1784,27544,2
283,38334,2
5464,37963,2
5189,3935,2
5466,6383,2
5187,39552,2
5185,17436,2
2194,23780,2
2491,16963,2
286,15427,2
5468,30686,2
1786,38089,2
5213,33559,2
2541,6650,2
101,31578,2
5533,42706,2
2590,38803,2
5082,13312,2
2592,1484,2
5534,11550,2
2593,24261,2
345,9459,2
1946,35374,2
347,39835,2
5537,43616,2
2598,43162,2
5076,14725,2
348,15842,2
351,42196,2
5543,2965,2
2132,12955,2
354,4326,2
356,22385,2
5061,34368,2
1718,2907,2
1717,2885,2
5545,18282,2
65,20386,2
2621,39455,2
2623,19036,2
61,7680,2
2625,13620,2
2124,1675,2
5551,21963,2
1944,38955,2
2588,37360,2
5084,17306,2
69,2182,2
5500,4393,2
315,12958,2
5501,44550,2
2165,729,2
93,38394,2
324,5223,2
87,39738,2
2558,13256,2
2159,7003,2
1746,31375,2
1745,8570,2
331,39446,2
5105,3269,2
5104,19038,2
5131,11107,2
81,17163,2
2568,25677,2
5103,39115,2
2154,37891,2
2571,44289,2
5516,21719,2
2574,1503,2
2295,217,2
5095,18955,2
5526,33125,2
2579,36173,2
1739,19926,2
5094,34190,2
2146,18775,2
1736,4831,2
1933,31581,2
132,29643,2
2457,1165,2
2454,33003,2
2266,7337,2
209,24862,2
2344,4419,2
2345,2554,2
2265,31834,2
2346,25422,2
5398,33288,2
5315,12968,2
5400,37324,2
2258,5199,2
2354,12589,2
1888,10873,2
2358,38830,2
217,26540,2
5302,9810,2
1838,19645,2
2364,38222,2
5301,26866,2
1890,10065,2
2250,21208,2
5300,42518,2
1836,6648,2
5299,39220,2
1892,1498,2
1893,40291,2
5410,27341,2
5295,4256,2
220,10853,2
2372,13473,2
2267,41580,2
5319,30308,2
5323,6434,2
5326,20987,2
180,30870,2
181,26848,2
5366,36393,2
2293,19658,2
182,36977,2
5374,6969,2
5360,40109,2
188,30912,2
5380,41363,2
5388,31453,2
2315,10075,2
1864,17598,2
5390,29747,2
2320,1859,2
1897,31109,2
5345,5225,2
198,19108,2
2278,22496,2
5341,16281,2
162,42113,2
5338,6808,2
5334,22652,2
2274,16214,2
5394,23433,2
2271,14083,2
5330,9207,2
2335,37070,2
1846,2705,2
5327,7238,2
2268,40866,2
197,16235,2
5289,42043,2
152,2710,2
151,4408,2
5260,7563,2
143,23815,2
2865,11105,2
2416,32524,2
2221,34250,2
5253,588,2
2220,12571,2
5247,44216,2
1909,892,2
1910,25456,2
2426,6515,2
5438,41694,2
139,18644,2
5244,6224,2
1908,42233,2
2429,8492,2
256,11912,2
2434,13196,2
5235,27091,2
2439,7815,2
1808,28620,2
5228,39869,2
2446,3939,2
262,44502,2
1805,31763,2
263,7949,2
2450,34463,2
5224,6529,2
2210,23034,2
5447,979,2
2430,8478,2
1956,8721,2
5432,13226,2
2410,41134,2
2243,9163,2
2377,38972,2
5414,28019,2
2241,18080,2
5415,33571,2
1832,19762,2
222,17002,2
2238,24903,2
2383,38273,2
226,16987,2
2389,34119,2
5417,6056,2
1827,41972,2
237,18842,2
2411,39921,2
1825,3916,2
2398,24990,2
239,15499,2
240,41314,2
241,10189,2
2403,39680,2
2405,11494,2
2406,16657,2
2233,4168,2
5423,16830,2
148,16233,2
5426,12285,2
5429,9392,2
2408,25704,2
2409,35521,2
5268,28116,2
5044,39379,2
177,31079,2
2733,20845,2
1982,926,2
5634,13610,2
453,1114,2
4891,10593,2
2712,19388,2
2809,19577,2
2808,37406,2
1609,30038,2
5609,8188,2
5610,35815,2
2068,43209,2
2804,214,2
404,24828,2
448,37493,2
5612,37902,2
2718,25262,2
4899,4580,2
407,11677,2
4965,4548,2
2036,25047,2
410,20000,2
2725,32639,2
2064,4384,2
2799,14918,2
4903,28696,2
2797,38702,2
1663,2269,2
412,1470,2
2073,29112,2
1607,24268,2
2028,20985,2
399,42849,2
1674,21266,2
1673,38598,2
1672,14748,2
5595,15849,2
5652,33090,2
5637,42255,2
2083,15726,2
2823,1124,2
4983,30691,2
1671,33046,2
6,429,2
1996,32630,2
4880,36865,2
1670,25747,2
5596,33699,2
4981,4402,2
2081,25891,2
2705,8899,2
4882,1043,2
4979,43714,2
2814,43262,2
5603,4217,2
4889,1956,2
2074,6282,2
5636,4056,2
2087,23288,2
4959,1392,2
4958,22156,2
1618,33413,2
4935,15359,2
1990,3000,2
2051,6267,2
2764,35164,2
4933,33152,2
2043,38073,2
20,15118,2
5628,26021,2
4931,26007,2
432,23292,2
442,27085,2
4938,37562,2
1634,1331,2
2049,24988,2
2772,19986,2
1633,10089,2
2786,1490,2
17,37912,2
4915,28262,2
4926,41320,2
4925,13041,2
438,21212,2
1991,9242,2
4918,34297,2
1624,30995,2
5626,26168,2
2796,31451,2
2756,13909,2
1644,725,2
4906,34817,2
2060,34255,2
2038,38770,2
4956,648,2
414,43047,2
364,9391,2
2734,39165,2
2735,22712,2
2737,19832,2
4951,16528,2
4947,24679,2
5619,44985,2
1643,12024,2
4945,8034,2
420,4303,2
4909,38238,2
4943,33265,2
2057,10742,2
1651,35417,2
2056,37949,2
1648,4246,2
1989,27402,2
11,16655,2
1645,38936,2
423,17220,2
5629,9880,2
2058,3154,2
1676,14802,2
2825,12727,2
1622,6865,2
1969,37432,2
57,6935,2
476,19898,2
1972,26929,2
386,25554,2
4864,36653,2
4866,26551,2
2665,12483,2
2019,24303,2
5644,1072,2
2011,2528,2
5555,31945,2
2841,13295,2
5584,279,2
2667,30970,2
391,34282,2
2669,41462,2
2663,3085,2
1687,9506,2
40,22460,2
5647,37090,2
4854,43567,2
2013,42648,2
374,20540,2
43,9036,2
370,32874,2
2849,1829,2
4861,19866,2
2105,29156,2
2111,44756,2
2655,34912,2
380,4091,2
5572,29151,2
471,34931,2
5013,18692,2
5574,20940,2
5011,19295,2
2660,39264,2
385,29200,2
2010,40897,2
478,19012,2
1705,41841,2
2119,30905,2
1598,24093,2
1681,28373,2
464,39516,2
1707,29136,2
5591,28587,2
1680,28032,2
2858,776,2
5038,22983,2
2831,23169,2
2828,16256,2
396,21046,2
480,3104,2
2860,35465,2
2632,317,2
1677,21298,2
5651,41296,2
2863,44562,2
2687,33421,2
2688,26334,2
2634,10343,2
4874,7708,2
5553,22529,2
5020,1442,2
2023,19590,2
2833,34915,2
2839,40174,2
2837,6926,2
5640,29621,2
2675,27973,2
1684,7738,2
1683,37631,2
5585,15603,2
1686,176,2
5590,971,2
1600,31997,2
2835,30560,2
5643,16068,2
3913,6431,3
4222,25975,3
12,32297,3
4225,32401,3
5375,31180,3
3942,29161,3
4159,36317,3
5381,37718,3
836,33278,3
175,25089,3
4240,27089,3
837,19148,3
5379,35707,3
165,32051,3
3944,5661,3
172,3673,3
4231,3021,3
5421,38549,3
880,40384,3
1022,29559,3
5420,12660,3
831,41799,3
156,25166,3
5419,35259,3
4205,36043,3
1017,42826,3
871,43500,3
4176,17324,3
853,8780,3
3935,24939,3
5399,8153,3
5408,43880,3
875,25203,3
4194,19025,3
146,1866,3
5406,27651,3
154,40492,3
5401,31058,3
861,26378,3
5404,12033,3
4190,4845,3
863,4647,3
5407,44450,3
3915,42120,3
7,672,3
1006,173,3
846,21835,3
5650,19660,3
847,21622,3
5631,17008,3
3939,26890,3
5648,26922,3
4161,5598,3
9,44050,3
5645,34404,3
4162,21095,3
4163,26632,3
5416,31760,3
3919,26669,3
5393,3547,3
3920,7212,3
3921,17599,3
5395,16649,3
5396,11483,3
1009,16050,3
161,3211,3
4039,12887,3
4151,34083,3
70,41249,3
75,14703,3
5577,30637,3
5580,31888,3
5522,1800,3
35,26750,3
4015,44923,3
80,35134,3
920,2463,3
919,15170,3
4069,29666,3
4070,38793,3
4071,35350,3
4014,21813,3
5583,6483,3
82,38092,3
4074,13058,3
5497,1791,3
4081,15045,3
4080,1576,3
4079,15283,3
5504,40427,3
4005,6365,3
4063,16918,3
952,36037,3
4076,43064,3
88,44373,3
5587,6433,3
4008,8241,3
85,41801,3
918,26461,3
4077,27678,3
954,17417,3
922,144,3
5535,43779,3
5552,25748,3
4041,21124,3
4042,5003,3
4043,8976,3
4035,41878,3
60,23109,3
62,37139,3
59,29767,3
4045,17227,3
58,4,3
4046,9068,3
4030,6381,3
4047,19001,3
4049,3077,3
932,23529,3
931,34741,3
5559,9312,3
4058,4689,3
924,25701,3
46,43917,3
4056,37453,3
48,44636,3
4025,22249,3
4059,35254,3
926,10226,3
50,41964,3
51,45022,3
66,35862,3
52,18614,3
5544,5325,3
4027,11890,3
5536,34062,3
4002,34987,3
5494,31437,3
5592,11658,3
125,9447,3
127,5688,3
983,11359,3
897,43400,3
5616,36460,3
4122,21229,3
5618,38133,3
5451,44441,3
984,22206,3
5450,26381,3
894,27809,3
891,15924,3
4128,36272,3
889,15558,3
4132,19051,3
5446,9790,3
3959,39793,3
5431,41282,3
4148,35680,3
4145,42494,3
995,9801,3
4144,34577,3
3951,29634,3
981,13538,3
3954,6100,3
4140,43565,3
136,24873,3
4138,2848,3
5445,14115,3
4137,13705,3
4135,42587,3
5620,26773,3
5613,12098,3
4117,35818,3
898,27492,3
907,26223,3
5480,1078,3
5481,34653,3
964,23003,3
908,43564,3
4094,37789,3
906,24928,3
107,10708,3
5488,11568,3
5489,22221,3
104,18577,3
33,35014,3
4083,15296,3
956,17914,3
105,40234,3
4153,45108,3
4102,42129,3
5598,1,3
975,5742,3
119,7330,3
3976,12421,3
970,42399,3
4111,22744,3
3983,44915,3
5474,42096,3
3984,14858,3
4110,7609,3
5608,14865,3
4109,14782,3
5470,42740,3
117,6660,3
28,314,3
118,14398,3
79,26458,3
4842,15125,3
4253,1554,3
5017,15520,3
4647,26778,3
5019,25620,3
4645,9701,3
5022,32085,3
371,6178,3
5027,39787,3
4643,29608,3
4648,491,3
368,38208,3
603,39042,3
604,40148,3
5034,36944,3
5035,5522,3
4634,19976,3
4633,23842,3
5037,30123,3
605,24137,3
367,29408,3
382,35619,3
596,23327,3
5009,43859,3
4996,9351,3
4997,20817,3
4998,8344,3
4677,30211,3
4676,14363,3
5000,12993,3
5002,29940,3
5003,2300,3
4675,44426,3
586,8745,3
4665,31202,3
4664,4506,3
5007,24571,3
4662,10445,3
4661,16936,3
4659,31332,3
592,22004,3
593,41577,3
594,32498,3
5040,22613,3
5041,18838,3
4630,37536,3
4628,28717,3
4596,6065,3
627,26392,3
628,38917,3
629,33676,3
4592,3628,3
4590,18357,3
343,18216,3
633,32077,3
4585,1731,3
636,14459,3
5090,29688,3
4580,45106,3
4579,22543,3
640,40991,3
4573,39982,3
5096,34107,3
643,1655,3
4568,38463,3
646,22732,3
5080,36549,3
397,38406,3
5077,22285,3
624,7397,3
4624,36525,3
4623,18314,3
5045,24320,3
4620,20136,3
5047,31303,3
5048,31516,3
5051,13817,3
4612,35255,3
360,7625,3
5055,10339,3
5056,23690,3
5058,2442,3
620,30899,3
4605,21588,3
5059,15744,3
5066,32410,3
352,39260,3
5068,41739,3
5071,14492,3
626,14065,3
647,26976,3
398,12465,3
4693,35575,3
4878,44882,3
462,21297,3
4802,13308,3
4801,4750,3
4799,27837,3
451,17474,3
4796,41704,3
4900,43937,3
4809,14749,3
4794,22417,3
445,12276,3
515,15246,3
444,44697,3
4911,25066,3
4785,9048,3
4912,8994,3
4783,39988,3
517,39096,3
514,14128,3
4810,30931,3
4811,2762,3
4870,15631,3
4846,38263,3
479,25603,3
486,8037,3
4837,12793,3
4835,28037,3
4834,15614,3
4855,4146,3
474,7478,3
4862,18115,3
4832,16658,3
4831,18143,3
4830,37163,3
4828,40216,3
4868,33667,3
4824,16132,3
494,14741,3
4819,40584,3
4869,19205,3
4817,17095,3
518,28463,3
521,10852,3
4774,29554,3
436,15824,3
4969,7891,3
4714,20021,3
563,13664,3
4710,42546,3
4708,24421,3
4707,3169,3
4970,17406,3
4972,12422,3
4706,6072,3
4974,5215,3
564,19274,3
403,32116,3
566,17212,3
4978,14956,3
4701,24470,3
4698,27911,3
4982,11511,3
4984,21476,3
4694,14148,3
558,8057,3
4991,18988,3
4968,3136,3
554,35500,3
4770,44432,3
435,20876,3
4760,9192,3
4759,409,3
4932,39824,3
431,32682,3
533,24975,3
4937,34281,3
536,34718,3
4940,7441,3
421,12557,3
543,36502,3
4734,17080,3
4946,18906,3
4726,34596,3
413,22868,3
552,18695,3
4723,8672,3
4962,31536,3
4964,34147,3
4562,30371,3
5101,34047,3
4560,38875,3
4355,8939,3
4354,41284,3
768,26808,3
5287,43304,3
773,41472,3
5288,41478,3
5292,42738,3
4345,40926,3
4356,17967,3
4344,1508,3
4341,34338,3
4340,21308,3
5298,44465,3
4335,2020,3
4334,28450,3
4330,3753,3
778,9743,3
5304,18628,3
4342,14279,3
5286,2445,3
5283,16264,3
5279,19511,3
755,16085,3
4383,29740,3
242,2608,3
5262,20268,3
4378,22817,3
4377,33881,3
4376,32650,3
757,13559,3
4373,2658,3
5263,10989,3
758,17396,3
4371,19068,3
4366,6592,3
238,19736,3
4363,25355,3
761,7893,3
236,32908,3
5272,42140,3
5275,9282,3
4327,17192,3
214,14261,3
212,3899,3
5310,6394,3
5342,13375,3
4276,33820,3
4271,3416,3
5346,20237,3
195,10592,3
193,31266,3
806,39570,3
5349,11642,3
811,44861,3
192,15207,3
813,44180,3
5353,23619,3
5354,1992,3
5355,23646,3
4259,17742,3
5356,44709,3
4256,39818,3
4254,8442,3
185,1232,3
5339,15908,3
754,21317,3
4282,11035,3
5332,37215,3
4322,31067,3
211,11987,3
781,16946,3
4316,30847,3
5312,22664,3
782,6293,3
5314,16966,3
4310,7298,3
787,3804,3
788,34100,3
4304,41350,3
789,44728,3
205,2111,3
4298,37390,3
203,29861,3
4293,44540,3
4292,20740,3
4290,40504,3
796,32946,3
201,16100,3
4387,23106,3
5255,32541,3
4392,31096,3
308,18515,3
4511,304,3
306,30860,3
5143,40863,3
4506,33594,3
672,1175,3
4502,45083,3
673,19327,3
4499,44177,3
676,19489,3
305,44305,3
680,44980,3
681,898,3
5151,12710,3
302,16711,3
301,37880,3
300,14189,3
4491,6400,3
4489,12103,3
5129,38749,3
5164,25794,3
666,8568,3
5125,15192,3
4557,1699,3
4555,44051,3
4553,1687,3
4551,38301,3
4544,22786,3
4543,40594,3
327,22667,3
4539,6308,3
326,42779,3
4535,20458,3
5114,32068,3
4533,30074,3
322,38323,3
5119,7267,3
319,1710,3
5121,18129,3
4527,28787,3
317,15107,3
663,15143,3
5128,6132,3
4243,26387,3
4483,39794,3
291,14092,3
4424,2290,3
268,38048,3
5216,32094,3
5221,42396,3
727,9433,3
264,28844,3
729,24452,3
736,19960,3
5229,21096,3
5231,31353,3
258,11605,3
4404,42651,3
5237,31715,3
5241,13270,3
747,34805,3
5246,22628,3
749,17161,3
4397,32612,3
253,41659,3
5210,5715,3
5167,9464,3
276,36467,3
4438,27522,3
290,34438,3
5174,8528,3
4478,30207,3
5178,41868,3
4474,15075,3
690,38453,3
4468,26153,3
4467,42988,3
694,4550,3
5188,10253,3
697,25310,3
4459,41876,3
5192,8494,3
706,42380,3
281,8156,3
5195,44255,3
709,32226,3
4442,17235,3
4440,19603,3
277,42197,3
522,26939,3
3830,7451,3
2715,20356,3
2956,36294,3
1309,26084,3
1310,150,3
1313,7516,3
3388,31147,3
2957,32672,3
3387,30245,3
1314,26151,3
1738,12481,3
2313,20859,3
1529,4241,3
3382,27428,3
1528,20335,3
1858,38283,3
2581,2549,3
3379,3986,3
1317,42482,3
2585,4155,3
3375,27193,3
2309,12267,3
2307,7070,3
1870,21768,3
3431,42921,3
2299,38129,3
2301,26633,3
1868,23630,3
1298,21546,3
3415,39034,3
2303,43609,3
1735,21854,3
3410,22747,3
2952,43902,3
1305,16367,3
3405,33619,3
3404,2744,3
2953,23391,3
2306,19082,3
1024,33974,3
2308,20279,3
1285,2055,3
2967,34818,3
3372,18597,3
2978,8085,3
2347,18349,3
3334,3885,3
2714,6129,3
3329,3776,3
3328,40775,3
2350,1850,3
2979,11910,3
1841,34752,3
2355,18137,3
2356,6322,3
3325,13631,3
2981,16158,3
1341,7786,3
3321,23305,3
1747,27850,3
2359,36682,3
1521,12097,3
2578,3633,3
2342,28474,3
1524,26878,3
2326,30230,3
2329,23157,3
3366,35719,3
2330,25798,3
3363,24049,3
2331,3640,3
1851,43670,3
3356,5195,3
3355,4962,3
2333,14150,3
3354,16723,3
2573,18163,3
3352,24897,3
3350,42822,3
3347,16377,3
2338,39397,3
2340,29937,3
1522,39291,3
1871,30998,3
1284,15273,3
3437,40180,3
1559,3693,3
3502,14165,3
2908,43853,3
1464,15637,3
1726,24957,3
3500,44823,3
3499,14475,3
1727,43736,3
3498,22822,3
2915,34672,3
2601,11879,3
1889,20856,3
2254,32432,3
3491,38631,3
3490,43911,3
2257,21145,3
1553,42872,3
2237,39128,3
1260,476,3
2236,21171,3
1903,1788,3
2613,9856,3
2217,35991,3
3531,10648,3
3530,44072,3
2222,8357,3
1232,22077,3
3528,36741,3
1720,11124,3
2225,20083,3
2608,4128,3
1239,42811,3
3518,10656,3
2899,745,3
2227,21417,3
2230,4884,3
1566,19854,3
2234,38546,3
3508,11364,3
1263,30060,3
1265,25680,3
2260,3799,3
1878,9195,3
1877,34512,3
2934,35736,3
2284,4630,3
3455,36342,3
2285,36366,3
1278,23547,3
3452,24114,3
1539,19032,3
1874,37985,3
2941,28361,3
3447,7976,3
3443,30536,3
2591,20794,3
1282,18176,3
1283,7096,3
2292,30904,3
1276,1846,3
3465,6046,3
2928,879,3
2925,14710,3
2261,43583,3
3481,43380,3
1267,23082,3
3478,16476,3
2263,36595,3
1270,28209,3
2919,6231,3
1729,12431,3
1839,25181,3
1884,24702,3
1274,6847,3
2273,20273,3
2275,39796,3
2276,1430,3
2277,14381,3
1882,12757,3
3468,44239,3
2596,2544,3
2270,30088,3
2887,42279,3
2559,6367,3
1343,42407,3
2518,41015,3
1794,10237,3
1414,35277,3
3176,38321,3
3174,41547,3
3061,39374,3
3062,37245,3
1417,43728,3
3169,26094,3
2470,12451,3
1791,45078,3
3167,33463,3
2516,23295,3
1423,9986,3
3154,36637,3
3063,23107,3
1426,41173,3
2461,8288,3
3150,10539,3
3183,44394,3
2523,23573,3
1760,17479,3
2445,44139,3
1402,42010,3
1487,14623,3
1403,42887,3
1404,32343,3
2451,33267,3
3050,19291,3
3198,324,3
1803,34830,3
1481,9060,3
3194,3418,3
3056,3510,3
2455,18603,3
2456,465,3
2458,37589,3
3188,3933,3
1799,25214,3
2443,26709,3
3070,110,3
3146,13969,3
2498,19670,3
3083,30673,3
1451,38929,3
3111,7646,3
1452,1034,3
3109,12736,3
2499,39729,3
3105,2495,3
3085,843,3
2501,40819,3
3086,18487,3
3087,10423,3
3099,32718,3
3096,4982,3
1774,34630,3
3094,12957,3
2504,5245,3
1778,22114,3
1787,44600,3
2496,12223,3
1445,14032,3
2479,20207,3
2482,34875,3
1785,43940,3
2485,13066,3
1429,37677,3
3076,1557,3
2487,21579,3
1473,25637,3
3139,34127,3
2489,35264,3
3137,17638,3
1437,1276,3
1766,351,3
1470,30293,3
1781,24569,3
1768,16420,3
1780,37444,3
1446,5034,3
1491,34058,3
3208,37575,3
3209,11547,3
3289,7062,3
1514,36260,3
1513,42752,3
3000,27362,3
3283,13452,3
1363,39744,3
3003,10533,3
1828,34649,3
3005,23098,3
3272,30174,3
1369,4707,3
3266,24184,3
1751,2527,3
1370,44666,3
2393,44959,3
1371,16231,3
3260,40282,3
2993,17114,3
1824,41147,3
3294,33830,3
2376,12945,3
1837,13802,3
1344,7264,3
2366,36798,3
2368,2672,3
2369,27697,3
1352,28056,3
3308,13958,3
3306,4277,3
3305,23839,3
1748,26208,3
2554,8739,3
1516,31347,3
3302,19055,3
3300,11015,3
2991,19407,3
1833,1864,3
2992,15041,3
1831,19277,3
3257,18536,3
1507,18873,3
1822,20097,3
2427,10945,3
3221,35947,3
2428,40884,3
3031,8871,3
2431,10657,3
2537,31687,3
3040,25098,3
1395,14942,3
2533,9712,3
2433,23935,3
1396,9661,3
1809,15673,3
1397,37008,3
3212,36537,3
2531,15769,3
2437,2767,3
2438,32623,3
2424,17258,3
1499,29418,3
2421,16871,3
1386,43716,3
2401,44873,3
2402,32763,3
1754,11426,3
3250,30176,3
2412,35242,3
2544,14143,3
3020,37022,3
3245,20419,3
3316,13602,3
3244,30752,3
1755,22059,3
3239,21547,3
3026,45072,3
3237,38989,3
1500,41164,3
3234,34946,3
1384,17979,3
1385,3263,3
1379,2952,3
2212,24986,3
2242,32603,3
1146,28397,3
2784,26488,3
1966,30773,3
1619,2863,3
3773,33401,3
3772,30814,3
2109,3707,3
2110,40000,3
3769,43658,3
3762,1077,3
1963,18396,3
1108,36471,3
1109,27908,3
2677,40698,3
1110,24242,3
2791,45107,3
2792,15292,3
3750,9240,3
1100,31723,3
2114,12088,3
1679,5904,3
3780,7945,3
3805,35696,3
2095,32661,3
3802,43593,3
1090,11275,3
1974,22675,3
3795,29051,3
1094,29519,3
2098,36172,3
2686,15590,3
3791,2322,3
1623,27298,3
3790,10115,3
2683,2799,3
1096,20340,3
3783,532,3
3782,38316,3
2102,39231,3
1967,21888,3
2094,32564,3
1116,12272,3
1119,15135,3
3698,32108,3
1611,39771,3
1689,34194,3
3697,18400,3
3693,29260,3
3691,35343,3
3690,11843,3
2654,43889,3
2135,4569,3
1161,4504,3
3686,8247,3
1947,37940,3
2810,13648,3
3685,3548,3
1608,19443,3
3683,22896,3
2653,26486,3
1951,4730,3
2794,16250,3
2128,27231,3
2211,30515,3
1959,1901,3
3742,43746,3
1124,26288,3
2668,36498,3
3735,23680,3
2666,28617,3
1612,10761,3
1132,8639,3
3726,32008,3
1957,3115,3
3724,38099,3
1134,39765,3
3721,20712,3
1139,37073,3
2123,18496,3
1142,23144,3
1145,28704,3
1149,37204,3
2093,6885,3
2092,34238,3
1087,43188,3
2032,15527,3
2033,42357,3
1048,12690,3
2736,27291,3
2738,25164,3
2708,20882,3
1050,40183,3
2042,35253,3
2707,2729,3
2706,15013,3
3864,5707,3
3862,41062,3
3861,44384,3
2704,708,3
2048,6757,3
1057,6493,3
2050,24677,3
1039,17353,3
3856,26794,3
2732,40359,3
1037,18167,3
3904,43517,3
3903,1395,3
1657,25290,3
2724,36560,3
1655,32025,3
1029,26574,3
2003,44794,3
3895,24612,3
2020,17666,3
1032,2135,3
1033,35682,3
2727,20743,3
3889,19621,3
2728,3396,3
1664,38561,3
2026,22855,3
2730,25730,3
1998,34459,3
3855,26682,3
3854,26668,3
2053,13053,3
2692,37972,3
3827,24475,3
2768,31768,3
2769,32225,3
1978,28417,3
1071,11235,3
1636,6016,3
2085,2514,3
1975,16495,3
2088,39939,3
3815,19104,3
1631,19685,3
2090,18861,3
3813,6948,3
1629,30830,3
1625,22781,3
1082,14467,3
2763,40745,3
2007,20909,3
1981,21609,3
2762,24639,3
2743,15811,3
3850,42580,3
1988,10289,3
2745,2362,3
3847,44901,3
1062,29339,3
1987,20894,3
1985,949,3
3681,6262,3
3841,41794,3
2698,11484,3
2065,15112,3
3838,11126,3
2694,3785,3
1066,4614,3
2757,13701,3
3833,9761,3
2071,44240,3
3840,4702,3
3680,6705,3
2506,17252,3
3626,16030,3
2192,9908,3
1930,252,3
1704,32758,3
1204,21472,3
2862,36104,3
3603,31049,3
1710,11823,3
1917,430,3
1203,33484,3
3606,41232,3
1702,13298,3
3563,4421,3
2166,30986,3
1599,21099,3
3567,21728,3
2627,42059,3
2161,1928,3
3560,25639,3
3558,3858,3
3619,27312,3
3621,7474,3
3624,29474,3
2158,38560,3
1592,273,3
1191,5525,3
2832,42173,3
2873,25867,3
3556,44403,3
3554,7229,3
3629,14558,3
3614,43014,3
1205,23329,3
3600,45098,3
1206,38236,3
2854,41185,3
2181,36667,3
2629,3619,3
1594,20481,3
1924,12474,3
2851,21531,3
3579,15010,3
1709,30446,3
2635,800,3
3574,8993,3
3583,35299,3
2177,42702,3
3572,34497,3
1706,18872,3
2175,25315,3
1926,3053,3
1927,17255,3
2844,13625,3
3598,250,3
2189,9694,3
2861,25240,3
3596,19487,3
2845,40089,3
2830,9685,3
1589,9994,3
2846,31630,3
2847,43114,3
2184,22121,3
2171,37582,3
2848,4152,3
1212,12619,3
3569,8807,3
3631,5455,3
1923,2616,3
2157,42899,3
3660,7462,3
2208,12928,3
1167,30440,3
1692,5770,3
1937,12990,3
1938,27149,3
2622,29015,3
1602,28119,3
2646,8723,3
1179,30566,3
2881,31685,3
3550,12711,3
3548,41057,3
1189,17588,3
2149,43528,3
1177,26937,3
1713,13400,3
1170,40784,3
2817,27438,3
3657,28033,3
1694,18239,3
1604,16063,3
2203,7677,3
1916,1682,3
2204,34336,3
3537,24186,3
2202,13643,3
3670,23766,3
3646,38951,3
1164,26217,3
3675,31164,3
3634,21275,3
3637,29936,3
3639,44278,3
1185,29911,3
2209,30012,3
1691,17834,3
2200,30280,3
3641,29106,3
1182,38482,3
1943,42845,3
1941,1670,3
1582,262,3
2156,33093,3
1166,36619,3
3643,14321,3
1714,13941,4
5148,5533,4
4985,37118,4
5053,36190,4
1719,20604,4
4971,37237,4
2713,30264,4
5042,911,4
2616,27483,4
4987,43678,4
1762,14076,4
1771,31245,4
5057,37340,4
2599,36659,4
1721,43238,4
1728,10491,4
402,32063,4
1722,4283,4
5049,14768,4
298,19425,4
401,22022,4
297,19297,4
1712,13277,4
2606,21769,4
5069,11730,4
1711,28462,4
299,28777,4
1765,43774,4
362,4524,4
405,30903,4
5046,29822,4
1764,13933,4
5070,17452,4
2607,8293,4
1667,640,4
353,32485,4
2710,28223,4
5072,13451,4
2699,32941,4
1770,31588,4
2609,28259,4
2612,32829,4
363,34662,4
2517,27841,4
2514,32390,4
2575,26992,4
5135,17090,4
5146,28654,4
335,35118,4
2664,15267,4
5026,23726,4
5112,536,4
5091,25644,4
325,36577,4
2557,34730,4
1697,35313,4
5116,19366,4
5028,39652,4
392,33019,4
2670,13063,4
1682,17018,4
2553,38858,4
2552,11224,4
2550,31291,4
2549,20374,4
1695,20252,4
5089,23605,4
2662,7180,4
2659,43702,4
2576,16917,4
2572,6835,4
5098,31904,4
375,15557,4
2570,15917,4
1741,39501,4
1742,15832,4
5097,26362,4
2565,14812,4
2577,20930,4
2562,7918,4
2656,7932,4
2561,16176,4
5015,6312,4
1688,33858,4
383,35586,4
328,8726,4
2661,38731,4
5147,39661,4
339,11847,4
5123,20347,4
5136,39175,4
2639,37076,4
5079,9658,4
311,37642,4
2689,734,4
309,15239,4
2535,40656,4
4994,10743,4
365,35248,4
4993,25952,4
1758,292,4
2691,4448,4
2630,26241,4
4990,27653,4
5145,13326,4
4989,2990,4
2693,21449,4
2652,22379,4
318,37509,4
5134,19066,4
1731,41746,4
2548,2817,4
342,32458,4
5085,32251,4
316,19931,4
1701,16739,4
5001,43130,4
1734,27774,4
2642,41409,4
2678,5205,4
1733,29221,4
5031,36359,4
2682,521,4
2543,16019,4
5130,29000,4
5033,38617,4
1732,31267,4
313,27146,4
2539,33788,4
359,37132,4
1027,44524,4
1772,23467,4
2163,41881,4
95,20544,4
5502,40645,4
2167,16951,4
5499,33567,4
98,27620,4
2169,23512,4
100,3189,4
1928,1616,4
5493,14285,4
2172,1661,4
2176,22167,4
106,3861,4
5485,38958,4
5484,22147,4
90,1570,4
1925,24190,4
5508,43664,4
83,38365,4
2141,1291,4
2143,28281,4
5531,4034,4
1942,233,4
74,8474,4
2147,35226,4
5525,31700,4
5524,13983,4
1939,30693,4
5521,3270,4
5520,35816,4
5519,42216,4
1934,42739,4
5514,44685,4
5512,26533,4
2160,25484,4
2140,14206,4
2180,41419,4
2183,14095,4
133,27036,4
135,19849,4
2213,22603,4
1914,11807,4
140,15119,4
141,8879,4
1912,7024,4
5435,24838,4
144,13745,4
5433,34652,4
2224,2494,4
5430,26079,4
2226,33203,4
145,4729,4
5427,41793,4
2207,30643,4
112,44390,4
1915,34843,4
128,34826,4
114,21026,4
5475,12969,4
5473,10936,4
2188,26176,4
1921,27283,4
2193,22506,4
2195,41073,4
5465,43900,4
2197,45076,4
120,40376,4
5462,42506,4
2198,10210,4
5460,3253,4
5458,12001,4
2201,33959,4
129,42965,4
1945,35064,4
5538,23904,4
67,30839,4
13,24164,4
5622,21900,4
2054,10628,4
2059,35056,4
5617,3979,4
24,18871,4
1983,21906,4
5611,12025,4
2069,41604,4
2070,14722,4
25,41012,4
2075,12492,4
2076,22461,4
2078,9303,4
5602,25261,4
2046,30073,4
29,32300,4
2045,14240,4
1992,36705,4
2006,30422,4
2014,41859,4
5649,11472,4
2015,20042,4
2016,4144,4
2021,43719,4
2001,44364,4
2024,28697,4
5641,17348,4
5639,27656,4
1997,38251,4
2031,16055,4
2034,11594,4
2037,10709,4
2040,40670,4
2044,8790,4
5600,22136,4
2079,9172,4
31,43912,4
1960,5563,4
5557,3265,4
5556,35050,4
2117,32490,4
2118,15738,4
1958,9165,4
2125,36078,4
5549,13242,4
2127,593,4
1953,6029,4
2131,13082,4
2133,38569,4
1950,7191,4
5541,36780,4
5540,35324,4
5560,27612,4
2113,22334,4
53,24239,4
5564,11096,4
1976,20819,4
2084,6415,4
2089,44296,4
5589,5360,4
5588,6663,4
2091,38130,4
5586,10098,4
1904,14057,4
2099,261,4
1970,15083,4
5576,11948,4
41,37828,4
2104,8940,4
42,15949,4
1964,3705,4
2108,14303,4
39,19062,4
2231,25219,4
2232,30487,4
150,35731,4
2417,35640,4
246,44630,4
1817,12918,4
5254,21149,4
2420,26825,4
5252,28775,4
1816,40958,4
5249,457,4
1815,3519,4
255,3831,4
5243,13517,4
5242,40432,4
5240,40435,4
5239,42620,4
5238,32159,4
244,30789,4
1811,12524,4
5259,31502,4
2413,41927,4
2381,6756,4
5282,44420,4
5281,30414,4
223,26182,4
2382,22621,4
5278,37719,4
2385,27903,4
2386,702,4
230,8510,4
233,32932,4
2390,3402,4
2392,42782,4
2394,26420,4
1823,18821,4
2407,4009,4
2414,4199,4
5234,41494,4
259,22393,4
2440,11210,4
5197,1451,4
2477,2189,4
284,13857,4
1783,3555,4
2488,23629,4
5186,1289,4
1782,27227,4
2492,3698,4
5181,41560,4
5179,34802,4
5175,17807,4
2500,37050,4
288,35874,4
5170,14495,4
1776,30867,4
1789,6994,4
2474,29116,4
280,42501,4
1790,2296,4
1806,41305,4
2447,7905,4
1804,28496,4
5223,22582,4
1801,39203,4
265,3125,4
266,24543,4
2380,38053,4
267,21785,4
1800,20214,4
5211,6600,4
2462,40315,4
2468,20633,4
274,10877,4
2469,38027,4
2472,42483,4
5217,34985,4
5165,22779,4
5285,28904,4
221,37559,4
5378,41906,4
2289,16798,4
5376,42057,4
1872,32461,4
2294,748,4
5370,1423,4
2298,41175,4
5368,15999,4
2304,17072,4
186,40519,4
5361,30110,4
2305,14350,4
187,43930,4
5357,29558,4
2310,28802,4
2286,5625,4
189,14757,4
5383,42507,4
164,6747,4
1902,11753,4
1900,7161,4
1899,5264,4
2245,41749,4
153,35697,4
1896,1566,4
5409,17781,4
2252,38844,4
2255,32054,4
2259,3366,4
5402,10410,4
1886,37757,4
160,40056,4
163,37002,4
1880,8904,4
171,14831,4
190,28811,4
1867,2132,4
2312,38343,4
5317,27752,4
2343,2875,4
210,9354,4
1842,22775,4
2357,44547,4
215,40226,4
216,36710,4
2362,31184,4
218,18035,4
219,34479,4
1835,9793,4
5294,6407,4
2371,28604,4
2373,18553,4
5291,38299,4
208,24830,4
207,31571,4
206,43576,4
5322,10009,4
1865,44047,4
1862,37810,4
1859,11420,4
1855,42474,4
2324,2360,4
1854,26361,4
5340,37010,4
2375,41507,4
200,40028,4
5333,29922,4
202,564,4
5329,18918,4
2337,34261,4
1845,33727,4
204,8909,4
2341,1668,4
5335,7801,4
2348,9451,4
2954,40894,4
1659,103,4
1249,11393,4
1248,34359,4
4274,22600,4
4273,30223,4
3513,21593,4
1247,20996,4
1243,23910,4
3520,31573,4
1240,24401,4
3523,22639,4
4264,25672,4
1238,25300,4
1235,31068,4
815,890,4
1234,42339,4
4257,36201,4
3532,26226,4
1250,30343,4
1229,5676,4
3507,12257,4
800,32133,4
4307,5854,4
4306,98,4
1264,9024,4
791,22752,4
792,14311,4
1259,25440,4
794,32414,4
4295,42547,4
1256,14934,4
3497,43198,4
4291,19594,4
4288,22236,4
798,21012,4
4286,43049,4
4285,17990,4
1253,8040,4
1251,34784,4
3506,32909,4
4252,4047,4
4251,22922,4
4250,22498,4
3561,34750,4
3562,7678,4
1216,21936,4
4216,28238,4
849,44398,4
3566,3563,4
851,17714,4
4211,20314,4
4210,35520,4
4209,37649,4
3570,27055,4
3571,33681,4
1215,41754,4
3576,10591,4
4201,34472,4
857,43127,4
3577,6942,4
1217,5181,4
4224,27432,4
3557,12532,4
842,36891,4
820,8934,4
4248,37829,4
1228,23995,4
4246,17664,4
822,43539,4
824,10430,4
3539,5395,4
3540,11398,4
1268,31409,4
1224,11674,4
1223,44715,4
1221,8663,4
832,32023,4
838,354,4
1220,37743,4
1219,29043,4
1218,1487,4
4229,20302,4
3545,14278,4
4313,45015,4
784,4832,4
3475,14898,4
4408,24391,4
3367,30538,4
4405,34957,4
3368,21356,4
3373,24141,4
3374,14511,4
4400,18188,4
4396,847,4
3380,35601,4
4394,25014,4
1315,37379,4
751,43296,4
752,4672,4
3384,31198,4
4386,37170,4
3390,13299,4
4380,37630,4
3362,34747,4
3360,33803,4
3359,29364,4
3358,32122,4
3331,23868,4
3337,9561,4
1333,39130,4
4434,34776,4
1328,13738,4
4432,36056,4
3342,33185,4
720,7686,4
1307,16255,4
722,36075,4
4427,8279,4
4426,4519,4
725,3863,4
3344,6133,4
4420,40081,4
728,11976,4
4417,16595,4
4416,32798,4
3343,4162,4
4198,18370,4
3398,36848,4
3400,35990,4
4339,35667,4
4338,6735,4
3454,33494,4
3456,2305,4
3457,857,4
777,5908,4
1277,43923,4
4329,21388,4
4326,11212,4
3466,585,4
779,15751,4
3470,2865,4
4321,26764,4
4320,31605,4
3471,7870,4
4318,30318,4
1272,42245,4
1280,12172,4
3448,44978,4
1281,31725,4
3442,44283,4
4375,11099,4
3401,16703,4
3402,21089,4
3408,31650,4
3411,4513,4
1302,26816,4
4365,39120,4
3413,22011,4
3399,34505,4
1296,7762,4
4359,4253,4
3430,11146,4
4357,9935,4
3433,39994,4
1286,23859,4
769,18503,4
4351,28917,4
3438,1608,4
3424,35341,4
1338,32882,4
3578,43324,4
3580,33081,4
1076,25585,4
959,24958,4
1074,36139,4
3818,14958,4
963,3789,4
3821,34384,4
1069,16248,4
966,7321,4
1068,3288,4
3828,24800,4
3829,22535,4
969,6420,4
3831,24645,4
3982,33523,4
3981,11872,4
1067,40126,4
971,19883,4
1077,25768,4
3834,16591,4
4001,41437,4
953,2585,4
3774,8402,4
3775,2304,4
3777,6750,4
4031,5100,4
1099,17681,4
4028,18117,4
3789,27636,4
4022,8617,4
944,8091,4
3792,13685,4
3800,39846,4
948,2464,4
4011,8708,4
4010,44075,4
950,2874,4
1086,40716,4
1080,26615,4
1078,44097,4
973,30405,4
1063,26517,4
3837,44506,4
1045,5553,4
3885,13035,4
3932,6902,4
3886,30768,4
1013,38229,4
1036,39897,4
1015,11427,4
1016,7401,4
3924,38261,4
1018,22895,4
1031,17936,4
3896,39003,4
3916,24330,4
3900,25194,4
3901,11541,4
3902,27582,4
1028,3829,4
3877,35137,4
3873,20267,4
1049,26065,4
1005,8578,4
3971,31138,4
979,13962,4
3842,1684,4
3844,29088,4
3849,1911,4
3962,36718,4
3960,9750,4
1061,44437,4
4036,18246,4
991,37054,4
3953,40409,4
3858,7538,4
1055,38718,4
1052,35252,4
1004,41214,4
3867,36391,4
3868,35410,4
3941,24201,4
3955,31438,4
935,23145,4
4038,16270,4
1101,25873,4
3616,25807,4
3618,2561,4
879,40939,4
3625,32446,4
1190,32406,4
3630,38262,4
3633,13360,4
1184,3944,4
3645,40459,4
4136,40454,4
888,10504,4
3648,33353,4
3649,33454,4
3650,28352,4
3651,23838,4
1178,12971,4
3654,38816,4
1197,26554,4
3611,44161,4
1200,17172,4
1201,18264,4
3581,39521,4
1214,14474,4
3584,4215,4
3585,44423,4
4188,35641,4
3586,38128,4
864,35698,4
865,24296,4
3656,32816,4
1211,13867,4
4181,24705,4
1208,35076,4
4179,19785,4
3597,28712,4
4175,13656,4
4171,31669,4
874,39608,4
4167,8557,4
3592,20563,4
859,36381,4
3659,34637,4
1175,39565,4
3712,2000,4
3718,3452,4
1133,38667,4
3728,28175,4
1128,29060,4
3737,31984,4
1123,18523,4
3741,27958,4
3744,44055,4
1118,27170,4
1117,16028,4
4053,32771,4
1111,19007,4
3756,28360,4
933,31167,4
1106,17683,4
3770,13558,4
1148,19647,4
3705,12604,4
1151,42745,4
1152,43842,4
1168,27615,4
901,19060,4
4112,33874,4
3673,19545,4
1163,33483,4
3682,10849,4
3684,5382,4
905,15910,4
3661,31623,4
4100,1647,4
4096,11832,4
1153,17281,4
4091,33031,4
911,43013,4
912,15750,4
4087,16612,4
913,44943,4
4084,36862,4
1160,36150,4
3327,42465,4
4443,9126,4
4444,20911,4
4800,26812,4
509,17496,4
4793,35366,4
2942,2571,4
513,26114,4
2943,38886,4
1536,8020,4
4788,30002,4
4787,1227,4
1534,14449,4
2949,12290,4
1533,31534,4
1532,330,4
4778,30804,4
2958,21010,4
1531,29694,4
4772,34010,4
1543,29076,4
1525,8902,4
1547,15822,4
504,42136,4
1574,8468,4
2891,19499,4
4826,43310,4
4825,33368,4
1572,42426,4
2894,13726,4
4822,12949,4
497,1131,4
4820,8755,4
2896,24148,4
2900,13370,4
2904,22825,4
4814,26628,4
1557,18415,4
2911,15178,4
1555,25941,4
2914,9545,4
4805,7901,4
4769,34951,4
4768,35327,4
2970,19774,4
4731,37827,4
3004,41618,4
1510,23789,4
3008,5787,4
3011,10921,4
3013,18057,4
3016,13268,4
555,20153,4
3019,655,4
3023,37428,4
1504,12010,4
1503,17196,4
561,43420,4
562,16454,4
3029,39910,4
4709,28814,4
3030,34236,4
3001,28941,4
2997,38791,4
4735,11778,4
4742,35005,4
2971,1590,4
4765,3290,4
2972,21995,4
4763,957,4
528,31112,4
2973,2969,4
2974,3049,4
4757,17126,4
2889,32820,4
532,34092,4
1520,15959,4
4749,23081,4
4748,33499,4
2982,25007,4
2984,25726,4
2986,3184,4
2987,7,4
1517,9744,4
4753,36851,4
2888,9134,4
1575,24836,4
1580,38900,4
1632,14058,4
1630,16890,4
4922,27698,4
4921,11947,4
2782,11583,4
1620,15121,4
4917,28260,4
4916,42766,4
2785,44905,4
2790,3715,4
2793,31400,4
4907,13172,4
1614,16124,4
4905,18519,4
4904,33296,4
446,40982,4
447,10276,4
4929,44071,4
2766,32685,4
1639,29574,4
427,1489,4
409,21989,4
1656,40659,4
411,43372,4
1654,28446,4
2731,21757,4
4952,40464,4
2739,21808,4
4950,30906,4
2800,3308,4
417,39232,4
1652,31754,4
2742,20218,4
2744,38311,4
1650,33930,4
2748,9618,4
1647,35053,4
2753,10689,4
2760,12141,4
4948,9235,4
1494,29003,4
2801,41290,4
2803,19833,4
4860,39895,4
4859,32656,4
473,25631,4
2850,45087,4
4856,13459,4
4851,27303,4
1590,341,4
4847,15938,4
483,34688,4
4844,16730,4
484,12896,4
2864,27776,4
2867,15236,4
2874,15073,4
2876,41127,4
4836,11986,4
1581,13748,4
468,18233,4
467,30781,4
1597,41515,4
2838,20210,4
4895,40365,4
1610,3426,4
2806,21502,4
4892,40371,4
1606,32417,4
454,43999,4
4887,4851,4
4886,686,4
4897,25200,4
4885,7616,4
2819,37878,4
2820,16054,4
2822,21968,4
2824,12348,4
2829,33326,4
4873,18858,4
4872,14421,4
4871,16750,4
455,1812,4
3038,22636,4
4704,31686,4
3041,1819,4
3229,9273,4
4536,22404,4
4532,31176,4
3233,12425,4
659,5879,4
3238,41582,4
3240,34431,4
1381,28501,4
3247,18334,4
4519,13488,4
4518,44309,4
4517,3445,4
3248,8278,4
4514,40235,4
4513,41996,4
3253,39195,4
1377,6014,4
4538,41088,4
1389,24339,4
656,34803,4
4541,40105,4
3207,16072,4
4565,33550,4
4564,43093,4
3210,19263,4
1399,24896,4
4559,29035,4
4558,31745,4
3214,29939,4
4510,9194,4
3217,7308,4
651,21122,4
4549,34189,4
4548,43992,4
3219,32582,4
4546,38363,4
4545,30384,4
3220,34869,4
3225,21081,4
4552,31938,4
4567,6075,4
4508,7449,4
4504,14473,4
1356,5920,4
693,24097,4
4466,24525,4
1354,8230,4
4463,8718,4
1347,5923,4
3312,25893,4
1345,29786,4
4458,25778,4
702,19100,4
1342,23543,4
3320,35884,4
705,1107,4
1340,14896,4
1339,31854,4
3326,23883,4
710,3375,4
4472,25719,4
3303,28598,4
4476,7029,4
4477,29436,4
3265,11343,4
674,22238,4
1368,32869,4
1365,5165,4
1364,17641,4
4494,42909,4
3275,34533,4
682,24294,4
3263,17208,4
1362,24112,4
1360,24581,4
3287,36436,4
4485,34453,4
3288,22198,4
3292,20112,4
687,32202,4
3296,39943,4
3297,29736,4
4488,36666,4
2720,26192,4
3205,34475,4
1405,6583,4
4663,29039,4
3090,33052,4
1465,39450,4
3093,34556,4
1463,15541,4
3100,41433,4
1459,19495,4
3104,3923,4
4651,20699,4
599,29073,4
3107,16504,4
1447,19764,4
4642,38025,4
3119,10992,4
4640,25237,4
4637,16188,4
1444,7033,4
4667,902,4
3082,15815,4
1468,37876,4
1471,41710,4
3042,23892,4
4700,11762,4
3045,22078,4
1486,6807,4
3052,44105,4
1483,11293,4
570,45099,4
4689,36125,4
4635,36796,4
571,34657,4
3060,42285,4
576,16294,4
4681,40259,4
3064,39712,4
1476,4859,4
3069,12983,4
3072,10727,4
584,20537,4
3059,44024,4
3202,29839,4
3125,13902,4
3128,1671,4
1413,25082,4
3181,1930,4
3182,39393,4
4591,25211,4
4589,2901,4
3184,6739,4
3186,17267,4
1410,25257,4
4584,29438,4
3190,25042,4
3191,816,4
3192,37704,4
1407,32411,4
4578,11933,4
637,5020,4
1406,22569,4
3200,8124,4
3172,7984,4
3171,25055,4
622,17115,4
4603,39672,4
3138,36601,4
608,32331,4
4626,28634,4
4625,16599,4
1430,41263,4
4622,41864,4
3142,24745,4
1428,42037,4
1439,6390,4
4619,29766,4
612,18481,4
3148,2289,4
4614,11086,4
616,5657,4
617,16947,4
619,6946,4
4608,29258,4
3158,44695,4
3144,20330,4
0,40734,4
