Date,AverageTemperature
1820-08-01,21.07
1820-09-01,17.285
1820-10-01,8.462
1820-11-01,-1.055
1820-12-01,-9.299
1821-01-01,-8.154
1821-02-01,-2.463
1821-03-01,5.987
1821-04-01,13.604
1821-05-01,19.451
1821-06-01,21.95
1821-07-01,23.193
1821-08-01,22.408
1821-09-01,16.086000000000002
1821-10-01,9.297
1821-11-01,0.6930000000000001
1821-12-01,-7.7730000000000015
1822-01-01,-8.753
1822-02-01,-2.184
1822-03-01,8.568999999999999
1822-04-01,14.087
1822-05-01,18.826
1822-06-01,22.462
1822-07-01,24.38000000000001
1822-08-01,22.423
1822-09-01,16.812
1822-10-01,8.746
1822-11-01,-0.7859999999999999
1822-12-01,-9.483
1823-01-01,-9.755
1823-02-01,-4.502
1823-03-01,5.521
1823-04-01,13.558
1823-05-01,18.72
1823-06-01,23.274
1823-07-01,24.213
1823-08-01,22.131
1823-09-01,16.121000000000002
1823-10-01,8.329
1823-11-01,-0.708
1823-12-01,16.727432636250615
1824-01-01,16.727432636250615
1824-02-01,16.727432636250615
1824-03-01,16.727432636250615
1824-04-01,16.727432636250615
1824-05-01,16.727432636250615
1824-06-01,16.727432636250615
1824-07-01,16.727432636250615
1824-08-01,16.727432636250615
1824-09-01,16.727432636250615
1824-10-01,16.727432636250615
1824-11-01,16.727432636250615
1824-12-01,16.727432636250615
1825-01-01,16.727432636250615
1825-02-01,16.727432636250615
1825-03-01,16.727432636250615
1825-04-01,16.727432636250615
1825-05-01,16.727432636250615
1825-06-01,16.727432636250615
1825-07-01,16.727432636250615
1825-08-01,16.727432636250615
1825-09-01,16.727432636250615
1825-10-01,16.727432636250615
1825-11-01,16.727432636250615
1825-12-01,16.727432636250615
1826-01-01,16.727432636250615
1826-02-01,16.727432636250615
1826-03-01,16.727432636250615
1826-04-01,16.727432636250615
1826-05-01,16.727432636250615
1826-06-01,16.727432636250615
1826-07-01,16.727432636250615
1826-08-01,16.727432636250615
1826-09-01,16.727432636250615
1826-10-01,16.727432636250615
1826-11-01,16.727432636250615
1826-12-01,16.727432636250615
1827-01-01,16.727432636250615
1827-02-01,16.727432636250615
1827-03-01,16.727432636250615
1827-04-01,16.727432636250615
1827-05-01,16.727432636250615
1827-06-01,16.727432636250615
1827-07-01,16.727432636250615
1827-08-01,16.727432636250615
1827-09-01,16.727432636250615
1827-10-01,16.727432636250615
1827-11-01,16.727432636250615
1827-12-01,16.727432636250615
1828-01-01,16.727432636250615
1828-02-01,16.727432636250615
1828-03-01,16.727432636250615
1828-04-01,16.727432636250615
1828-05-01,16.727432636250615
1828-06-01,16.727432636250615
1828-07-01,16.727432636250615
1828-08-01,16.727432636250615
1828-09-01,16.727432636250615
1828-10-01,16.727432636250615
1828-11-01,16.727432636250615
1828-12-01,16.727432636250615
1829-01-01,16.727432636250615
1829-02-01,16.727432636250615
1829-03-01,16.727432636250615
1829-04-01,16.727432636250615
1829-05-01,16.727432636250615
1829-06-01,16.727432636250615
1829-07-01,16.727432636250615
1829-08-01,16.727432636250615
1829-09-01,16.727432636250615
1829-10-01,16.727432636250615
1829-11-01,16.727432636250615
1829-12-01,16.727432636250615
1830-01-01,16.727432636250615
1830-02-01,16.727432636250615
1830-03-01,16.727432636250615
1830-04-01,16.727432636250615
1830-05-01,16.727432636250615
1830-06-01,16.727432636250615
1830-07-01,16.727432636250615
1830-08-01,16.727432636250615
1830-09-01,16.727432636250615
1830-10-01,16.727432636250615
1830-11-01,16.727432636250615
1830-12-01,16.727432636250615
1831-01-01,16.727432636250615
1831-02-01,16.727432636250615
1831-03-01,16.727432636250615
1831-04-01,16.727432636250615
1831-05-01,16.727432636250615
1831-06-01,16.727432636250615
1831-07-01,16.727432636250615
1831-08-01,16.727432636250615
1831-09-01,16.727432636250615
1831-10-01,16.727432636250615
1831-11-01,16.727432636250615
1831-12-01,16.727432636250615
1832-01-01,-10.22
1832-02-01,-4.979
1832-03-01,5.081
1832-04-01,13.423
1832-05-01,18.743
1832-06-01,22.516
1832-07-01,24.887
1832-08-01,21.744
1832-09-01,16.678
1832-10-01,16.727432636250615
1832-11-01,-0.835
1832-12-01,-9.67
1833-01-01,-8.697000000000001
1833-02-01,-4.287
1833-03-01,4.323
1833-04-01,12.808
1833-05-01,18.452
1833-06-01,22.425
1833-07-01,24.071
1833-08-01,22.388
1833-09-01,16.965
1833-10-01,9.058
1833-11-01,1.865
1833-12-01,-7.132999999999999
1834-01-01,-11.535
1834-02-01,-4.124
1834-03-01,6.625
1834-04-01,13.172
1834-05-01,19.146
1834-06-01,21.863000000000003
1834-07-01,24.358
1834-08-01,22.13
1834-09-01,17.754
1834-10-01,9.531
1834-11-01,1.796
1834-12-01,-6.593
1835-01-01,-8.163
1835-02-01,-3.016
1835-03-01,4.192
1835-04-01,13.671
1835-05-01,17.924
1835-06-01,20.904
1835-07-01,22.961
1835-08-01,21.271
1835-09-01,15.617
1835-10-01,8.308
1835-11-01,-1.13
1835-12-01,-8.331
1836-01-01,-8.811
1836-02-01,-4.369
1836-03-01,6.2490000000000006
1836-04-01,13.038
1836-05-01,18.28
1836-06-01,22.417
1836-07-01,23.814
1836-08-01,22.125
1836-09-01,16.715999999999998
1836-10-01,9.507
1836-11-01,-1.555
1836-12-01,-7.073
1837-01-01,-9.075
1837-02-01,-4.109
1837-03-01,4.146000000000001
1837-04-01,11.511
1837-05-01,18.492
1837-06-01,21.916
1837-07-01,24.23
1837-08-01,22.616
1837-09-01,17.084
1837-10-01,8.654
1837-11-01,-0.8879999999999999
1837-12-01,-7.292999999999998
1838-01-01,-13.464
1838-02-01,-4.63
1838-03-01,2.2070000000000003
1838-04-01,12.102
1838-05-01,17.945999999999994
1838-06-01,22.113000000000003
1838-07-01,25.076
1838-08-01,22.500999999999998
1838-09-01,15.812000000000001
1838-10-01,10.117
1838-11-01,0.5670000000000001
1838-12-01,-7.6789999999999985
1839-01-01,-10.274000000000001
1839-02-01,-2.227
1839-03-01,2.188
1839-04-01,13.431
1839-05-01,17.303
1839-06-01,21.933000000000003
1839-07-01,24.682
1839-08-01,22.335
1839-09-01,16.991
1839-10-01,8.425
1839-11-01,-2.3149999999999995
1839-12-01,-10.983
1840-01-01,-8.987
1840-02-01,-4.526
1840-03-01,4.2490000000000006
1840-04-01,14.32
1840-05-01,19.547
1840-06-01,22.706
1840-07-01,24.962
1840-08-01,22.963
1840-09-01,16.684
1840-10-01,7.672999999999999
1840-11-01,-2.077
1840-12-01,-8.294
1841-01-01,-10.959
1841-02-01,-2.7260000000000004
1841-03-01,2.907
1841-04-01,11.124
1841-05-01,18.876
1841-06-01,21.68
1841-07-01,24.43
1841-08-01,22.686999999999998
1841-09-01,16.957
1841-10-01,10.027000000000001
1841-11-01,-1.1849999999999998
1841-12-01,-9.863
1842-01-01,-9.189
1842-02-01,-2.5469999999999997
1842-03-01,7.403
1842-04-01,15.401
1842-05-01,18.767
1842-06-01,21.653
1842-07-01,23.181
1842-08-01,22.143
1842-09-01,17.135
1842-10-01,9.448
1842-11-01,-0.2269999999999999
1842-12-01,-6.141
1843-01-01,-8.61
1843-02-01,-1.98
1843-03-01,5.8580000000000005
1843-04-01,14.74
1843-05-01,18.791
1843-06-01,22.226
1843-07-01,24.306
1843-08-01,22.941999999999997
1843-09-01,17.646
1843-10-01,10.706
1843-11-01,-0.44
1843-12-01,-6.5360000000000005
1844-01-01,-8.486
1844-02-01,-5.126
1844-03-01,6.585
1844-04-01,12.614
1844-05-01,17.544999999999998
1844-06-01,22.522
1844-07-01,23.862
1844-08-01,22.067
1844-09-01,16.643
1844-10-01,9.853
1844-11-01,-0.375
1844-12-01,-8.834
1845-01-01,-8.372
1845-02-01,-5.6610000000000005
1845-03-01,5.6240000000000006
1845-04-01,14.262
1845-05-01,19.274
1845-06-01,22.761
1845-07-01,24.469
1845-08-01,22.816
1845-09-01,17.499000000000002
1845-10-01,9.431000000000001
1845-11-01,-0.609
1845-12-01,-10.363
1846-01-01,-10.327
1846-02-01,-0.7789999999999999
1846-03-01,7.0790000000000015
1846-04-01,11.623
1846-05-01,19.719
1846-06-01,23.59
1846-07-01,24.907
1846-08-01,22.82
1846-09-01,17.733
1846-10-01,7.9289999999999985
1846-11-01,0.09400000000000007
1846-12-01,-5.658
1847-01-01,-7.852
1847-02-01,-1.7999999999999998
1847-03-01,4.6560000000000015
1847-04-01,14.218
1847-05-01,18.772
1847-06-01,21.612
1847-07-01,24.262
1847-08-01,22.361
1847-09-01,16.665000000000006
1847-10-01,9.654
1847-11-01,0.8220000000000001
1847-12-01,-10.416
1848-01-01,-13.118
1848-02-01,-4.06
1848-03-01,4.165
1848-04-01,13.158
1848-05-01,18.216
1848-06-01,22.255
1848-07-01,24.783
1848-08-01,23.019
1848-09-01,16.858
1848-10-01,9.312000000000001
1848-11-01,-0.804
1848-12-01,-7.7120000000000015
1849-01-01,-8.142999999999999
1849-02-01,-4.8580000000000005
1849-03-01,6.7490000000000006
1849-04-01,12.939
1849-05-01,17.663
1849-06-01,22.15
1849-07-01,24.285
1849-08-01,22.938
1849-09-01,16.758000000000006
1849-10-01,10.111
1849-11-01,-0.742
1849-12-01,-8.854000000000003
1850-01-01,-12.164
1850-02-01,-3.988
1850-03-01,6.8450000000000015
1850-04-01,13.593
1850-05-01,18.063
1850-06-01,22.057
1850-07-01,24.46
1850-08-01,23.026
1850-09-01,17.689
1850-10-01,8.425
1850-11-01,-0.262
1850-12-01,-6.971
1851-01-01,-9.745
1851-02-01,-3.745
1851-03-01,4.5139999999999985
1851-04-01,11.04
1851-05-01,18.503
1851-06-01,22.38
1851-07-01,24.454
1851-08-01,23.183000000000003
1851-09-01,17.061
1851-10-01,10.111
1851-11-01,-1.5450000000000002
1851-12-01,-5.968
1852-01-01,-9.155
1852-02-01,-5.2810000000000015
1852-03-01,3.8760000000000003
1852-04-01,13.739
1852-05-01,19.635
1852-06-01,21.993000000000002
1852-07-01,24.767
1852-08-01,22.476999999999997
1852-09-01,17.676000000000005
1852-10-01,10.246
1852-11-01,-1.5479999999999998
1852-12-01,-6.386
1853-01-01,-11.749
1853-02-01,-5.597
1853-03-01,5.409
1853-04-01,11.806
1853-05-01,18.907
1853-06-01,22.705
1853-07-01,24.762
1853-08-01,23.454
1853-09-01,18.339000000000002
1853-10-01,9.002
1853-11-01,-1.644
1853-12-01,-7.2360000000000015
1854-01-01,-9.633
1854-02-01,-3.775
1854-03-01,6.087999999999999
1854-04-01,13.919
1854-05-01,18.927
1854-06-01,21.287
1854-07-01,24.716
1854-08-01,23.738000000000003
1854-09-01,18.316000000000006
1854-10-01,10.803
1854-11-01,0.07000000000000006
1854-12-01,-7.564
1855-01-01,-9.922
1855-02-01,-1.149
1855-03-01,5.884
1855-04-01,15.523
1855-05-01,19.657
1855-06-01,22.511
1855-07-01,23.957
1855-08-01,23.268
1855-09-01,17.558
1855-10-01,9.777000000000001
1855-11-01,-0.17199999999999993
1855-12-01,-7.928000000000001
1856-01-01,-8.225
1856-02-01,-4.518
1856-03-01,5.1880000000000015
1856-04-01,13.640999999999998
1856-05-01,18.51
1856-06-01,22.236
1856-07-01,24.513
1856-08-01,22.430999999999997
1856-09-01,16.991
1856-10-01,9.648
1856-11-01,0.20000000000000007
1856-12-01,-5.591
1857-01-01,-9.156
1857-02-01,-5.252999999999999
1857-03-01,4.362
1857-04-01,11.887
1857-05-01,17.97
1857-06-01,21.918000000000006
1857-07-01,24.118000000000002
1857-08-01,22.795
1857-09-01,17.742
1857-10-01,8.972000000000003
1857-11-01,-0.6929999999999998
1857-12-01,-5.9190000000000005
1858-01-01,-8.248
1858-02-01,-3.634
1858-03-01,5.051
1858-04-01,15.377
1858-05-01,19.414
1858-06-01,22.579
1858-07-01,23.724
1858-08-01,22.744
1858-09-01,17.305999999999994
1858-10-01,9.913
1858-11-01,2.5780000000000003
1858-12-01,-8.709
1859-01-01,-8.106
1859-02-01,-3.346
1859-03-01,6.605
1859-04-01,15.482999999999999
1859-05-01,19.493
1859-06-01,22.552
1859-07-01,24.995
1859-08-01,22.715999999999998
1859-09-01,17.027
1859-10-01,10.437000000000001
1859-11-01,1.139
1859-12-01,-7.192
1860-01-01,-11.123
1860-02-01,-4.658
1860-03-01,1.5579999999999998
1860-04-01,13.255999999999998
1860-05-01,20.201
1860-06-01,22.582
1860-07-01,24.381
1860-08-01,22.88
1860-09-01,18.118
1860-10-01,9.246
1860-11-01,-0.69
1860-12-01,-11.546
1861-01-01,-12.205
1861-02-01,-5.475
1861-03-01,4.539
1861-04-01,13.568
1861-05-01,19.017
1861-06-01,22.807
1861-07-01,24.267
1861-08-01,23.248
1861-09-01,17.740000000000006
1861-10-01,9.355
1861-11-01,1.489
1861-12-01,-6.686000000000001
1862-01-01,-12.966
1862-02-01,-4.445
1862-03-01,4.138
1862-04-01,12.475
1862-05-01,19.22
1862-06-01,21.796
1862-07-01,23.84800000000001
1862-08-01,22.831999999999997
1862-09-01,17.614
1862-10-01,9.897
1862-11-01,-1.1769999999999998
1862-12-01,-9.738
1863-01-01,-7.278
1863-02-01,-0.3849999999999998
1863-03-01,5.519
1863-04-01,14.729
1863-05-01,20.382
1863-06-01,22.49
1863-07-01,24.216
1863-08-01,22.756
1863-09-01,16.428
1863-10-01,9.364
1863-11-01,0.3410000000000001
1863-12-01,-8.844000000000003
1864-01-01,-8.437000000000001
1864-02-01,-6.9030000000000005
1864-03-01,3.307
1864-04-01,12.417
1864-05-01,18.784
1864-06-01,22.316
1864-07-01,24.917
1864-08-01,22.521
1864-09-01,17.381
1864-10-01,10.582
1864-11-01,0.2280000000000001
1864-12-01,-9.748
1865-01-01,-8.76
1865-02-01,-5.436999999999999
1865-03-01,3.4040000000000004
1865-04-01,13.585
1865-05-01,19.287
1865-06-01,23.67
1865-07-01,24.206
1865-08-01,22.89
1865-09-01,17.738
1865-10-01,9.506
1865-11-01,0.3280000000000001
1865-12-01,-7.8610000000000015
1866-01-01,-7.8599999999999985
1866-02-01,-4.803
1866-03-01,4.073
1866-04-01,12.637
1866-05-01,19.025
1866-06-01,21.95
1866-07-01,25.074
1866-08-01,23.418000000000006
1866-09-01,16.650000000000002
1866-10-01,8.711
1866-11-01,0.7080000000000001
1866-12-01,-4.8370000000000015
1867-01-01,-8.196
1867-02-01,-4.441
1867-03-01,6.8580000000000005
1867-04-01,15.63
1867-05-01,18.602999999999998
1867-06-01,22.791
1867-07-01,24.436
1867-08-01,23.017
1867-09-01,17.950000000000006
1867-10-01,9.413
1867-11-01,3.678
1867-12-01,-5.0070000000000014
1868-01-01,-9.105
1868-02-01,-5.081
1868-03-01,3.361
1868-04-01,14.737
1868-05-01,19.972
1868-06-01,22.625
1868-07-01,24.702
1868-08-01,22.877
1868-09-01,18.005000000000006
1868-10-01,9.348
1868-11-01,0.399
1868-12-01,-8.851
1869-01-01,-10.162
1869-02-01,16.727432636250615
1869-03-01,16.727432636250615
1869-04-01,14.128
1869-05-01,19.118
1869-06-01,21.872
1869-07-01,24.318
1869-08-01,22.000999999999998
1869-09-01,19.028
1869-10-01,9.282
1869-11-01,0.17800000000000005
1869-12-01,-10.283
1870-01-01,-11.053
1870-02-01,-5.006
1870-03-01,6.238
1870-04-01,14.575999999999999
1870-05-01,19.876
1870-06-01,23.953000000000007
1870-07-01,24.91
1870-08-01,22.945999999999998
1870-09-01,19.057000000000002
1870-10-01,9.659
1870-11-01,-0.946
1870-12-01,-10.208
1871-01-01,-10.383
1871-02-01,-4.682
1871-03-01,4.8210000000000015
1871-04-01,14.968
1871-05-01,19.294
1871-06-01,22.477
1871-07-01,24.401
1871-08-01,23.943
1871-09-01,18.211
1871-10-01,10.04
1871-11-01,-0.22099999999999986
1871-12-01,-7.795
1872-01-01,-10.924
1872-02-01,-5.341
1872-03-01,6.005
1872-04-01,12.54
1872-05-01,19.329
1872-06-01,22.023000000000003
1872-07-01,24.834
1872-08-01,22.545
1872-09-01,17.913
1872-10-01,9.8
1872-11-01,0.2370000000000001
1872-12-01,-6.379
1873-01-01,-10.54
1873-02-01,-3.537
1873-03-01,5.271
1873-04-01,12.425999999999998
1873-05-01,19.457
1873-06-01,22.301
1873-07-01,25.409000000000002
1873-08-01,23.379
1873-09-01,18.175
1873-10-01,10.325
1873-11-01,2.766
1873-12-01,-5.341
1874-01-01,-8.345
1874-02-01,-3.415
1874-03-01,4.852
1874-04-01,15.408
1874-05-01,20.63
1874-06-01,23.464
1874-07-01,24.335
1874-08-01,23.534
1874-09-01,19.445
1874-10-01,9.112
1874-11-01,0.613
1874-12-01,-8.062000000000001
1875-01-01,-9.278
1875-02-01,-5.709
1875-03-01,7.055
1875-04-01,16.618
1875-05-01,18.618
1875-06-01,23.479
1875-07-01,25.27
1875-08-01,22.304
1875-09-01,18.208
1875-10-01,8.992
1875-11-01,-0.5739999999999998
1875-12-01,-6.141
1876-01-01,-9.918
1876-02-01,-3.769
1876-03-01,4.1160000000000005
1876-04-01,13.161
1876-05-01,19.281
1876-06-01,22.508000000000006
1876-07-01,24.433000000000003
1876-08-01,22.866
1876-09-01,18.194000000000006
1876-10-01,8.982999999999997
1876-11-01,-1.506
1876-12-01,-7.709
1877-01-01,-9.92
1877-02-01,-6.175
1877-03-01,6.399
1877-04-01,12.155999999999999
1877-05-01,18.152
1877-06-01,23.149
1877-07-01,24.69400000000001
1877-08-01,24.179
1877-09-01,19.371
1877-10-01,9.47
1877-11-01,0.3820000000000001
1877-12-01,-10.852
1878-01-01,-11.196
1878-02-01,-3.935
1878-03-01,6.9190000000000005
1878-04-01,13.960999999999999
1878-05-01,17.743
1878-06-01,22.642
1878-07-01,25.058000000000003
1878-08-01,23.217
1878-09-01,18.393
1878-10-01,9.59
1878-11-01,1.3119999999999998
1878-12-01,-8.707
1879-01-01,-9.14
1879-02-01,-1.883
1879-03-01,6.945
1879-04-01,15.877
1879-05-01,20.165
1879-06-01,23.63
1879-07-01,24.901
1879-08-01,22.439
1879-09-01,18.417
1879-10-01,10.021
1879-11-01,-0.9359999999999996
1879-12-01,-6.647
1880-01-01,-9.834
1880-02-01,-4.1110000000000015
1880-03-01,9.034
1880-04-01,14.306
1880-05-01,19.552
1880-06-01,23.877
1880-07-01,23.37
1880-08-01,23.435
1880-09-01,17.832
1880-10-01,11.213
1880-11-01,2.128
1880-12-01,-7.216
1881-01-01,-5.938
1881-02-01,-3.358
1881-03-01,5.282
1881-04-01,16.483999999999998
1881-05-01,19.182
1881-06-01,22.297
1881-07-01,24.991
1881-08-01,23.453000000000007
1881-09-01,18.43
1881-10-01,9.426
1881-11-01,-1.0170000000000001
1881-12-01,-11.458
1882-01-01,-8.346
1882-02-01,-5.6370000000000005
1882-03-01,4.5150000000000015
1882-04-01,13.856
1882-05-01,18.811
1882-06-01,23.047
1882-07-01,23.986
1882-08-01,23.281
1882-09-01,18.143
1882-10-01,7.672999999999999
1882-11-01,-0.8799999999999999
1882-12-01,-8.773
1883-01-01,-10.173
1883-02-01,-8.838999999999997
1883-03-01,6.397
1883-04-01,12.960999999999999
1883-05-01,19.224
1883-06-01,23.705
1883-07-01,24.173000000000002
1883-08-01,23.624
1883-09-01,17.608
1883-10-01,9.354
1883-11-01,-2.478
1883-12-01,-7.84
1884-01-01,-7.621
1884-02-01,-4.31
1884-03-01,3.281
1884-04-01,14.745999999999999
1884-05-01,19.502
1884-06-01,22.435
1884-07-01,24.669
1884-08-01,22.221999999999998
1884-09-01,18.354000000000006
1884-10-01,8.724
1884-11-01,-3.0610000000000004
1884-12-01,-7.7840000000000025
1885-01-01,-10.550999999999998
1885-02-01,-8.824
1885-03-01,5.853
1885-04-01,14.774
1885-05-01,18.869
1885-06-01,24.046
1885-07-01,22.844
1885-08-01,24.031
1885-09-01,18.269000000000002
1885-10-01,10.382
1885-11-01,0.8570000000000001
1885-12-01,-6.5900000000000025
1886-01-01,-8.297
1886-02-01,-8.668
1886-03-01,5.658
1886-04-01,12.342
1886-05-01,17.482
1886-06-01,22.376
1886-07-01,24.294
1886-08-01,23.375
1886-09-01,17.898
1886-10-01,9.486
1886-11-01,-2.002
1886-12-01,-8.646
1887-01-01,-12.427
1887-02-01,-4.628
1887-03-01,5.307
1887-04-01,16.092
1887-05-01,17.477999999999998
1887-06-01,21.067
1887-07-01,24.51
1887-08-01,22.07
1887-09-01,17.245
1887-10-01,12.15
1887-11-01,2.492
1887-12-01,-6.801
1888-01-01,-7.5779999999999985
1888-02-01,-3.178
1888-03-01,8.917
1888-04-01,14.216
1888-05-01,19.111
1888-06-01,22.362
1888-07-01,25.627
1888-08-01,23.701999999999998
1888-09-01,18.094
1888-10-01,11.739
1888-11-01,1.089
1888-12-01,-5.9060000000000015
1889-01-01,-10.195
1889-02-01,-2.7960000000000003
1889-03-01,7.854
1889-04-01,15.737
1889-05-01,16.895
1889-06-01,24.265
1889-07-01,24.41800000000001
1889-08-01,23.316999999999997
1889-09-01,17.439
1889-10-01,8.946
1889-11-01,-1.0679999999999998
1889-12-01,-9.741
1890-01-01,-8.379
1890-02-01,-5.263999999999999
1890-03-01,1.6429999999999998
1890-04-01,13.75
1890-05-01,18.518
1890-06-01,21.952
1890-07-01,24.048000000000002
1890-08-01,22.235
1890-09-01,16.998
1890-10-01,10.067
1890-11-01,1.4240000000000002
1890-12-01,-7.0520000000000005
1891-01-01,-10.300999999999998
1891-02-01,-8.009
1891-03-01,1.8940000000000001
1891-04-01,12.765
1891-05-01,19.147
1891-06-01,21.703000000000007
1891-07-01,23.959
1891-08-01,23.772
1891-09-01,18.854000000000006
1891-10-01,9.173
1891-11-01,0.682
1891-12-01,-6.4300000000000015
1892-01-01,-8.257
1892-02-01,-3.936
1892-03-01,2.576
1892-04-01,14.23
1892-05-01,19.798
1892-06-01,22.437
1892-07-01,24.509
1892-08-01,23.179
1892-09-01,18.122
1892-10-01,10.32
1892-11-01,-2.231
1892-12-01,-7.349
1893-01-01,-12.807
1893-02-01,-7.275
1893-03-01,5.832999999999998
1893-04-01,15.683
1893-05-01,19.277
1893-06-01,24.333
1893-07-01,25.129
1893-08-01,23.831
1893-09-01,19.584
1893-10-01,9.729
1893-11-01,0.928
1893-12-01,-5.049
1894-01-01,-11.034
1894-02-01,-2.9410000000000003
1894-03-01,5.73
1894-04-01,12.722999999999999
1894-05-01,18.195999999999998
1894-06-01,24.064
1894-07-01,25.765
1894-08-01,22.761
1894-09-01,18.812
1894-10-01,9.436
1894-11-01,0.3280000000000001
1894-12-01,-11.302
1895-01-01,-12.19
1895-02-01,-4.188
1895-03-01,7.5630000000000015
1895-04-01,15.722999999999999
1895-05-01,19.652
1895-06-01,22.832
1895-07-01,24.678
1895-08-01,22.464
1895-09-01,18.706000000000003
1895-10-01,7.874
1895-11-01,0.3120000000000001
1895-12-01,-10.323
1896-01-01,-6.086
1896-02-01,-3.739
1896-03-01,5.5200000000000005
1896-04-01,12.843
1896-05-01,20.278
1896-06-01,23.559
1896-07-01,25.022
1896-08-01,22.401
1896-09-01,17.079
1896-10-01,9.255
1896-11-01,1.0270000000000001
1896-12-01,-8.927999999999997
1897-01-01,-10.89
1897-02-01,-4.789
1897-03-01,3.2350000000000003
1897-04-01,13.239
1897-05-01,16.892
1897-06-01,21.55
1897-07-01,24.735
1897-08-01,22.945999999999998
1897-09-01,18.205
1897-10-01,10.118
1897-11-01,0.923
1897-12-01,-7.936
1898-01-01,-8.599
1898-02-01,-6.393
1898-03-01,2.857
1898-04-01,13.377
1898-05-01,17.759
1898-06-01,22.362
1898-07-01,23.423000000000002
1898-08-01,22.256999999999998
1898-09-01,16.687
1898-10-01,10.895
1898-11-01,-0.8009999999999999
1898-12-01,-7.27
1899-01-01,-8.377
1899-02-01,-1.972
1899-03-01,7.647
1899-04-01,13.599
1899-05-01,20.367
1899-06-01,23.292
1899-07-01,23.914
1899-08-01,23.607
1899-09-01,18.03
1899-10-01,10.515
1899-11-01,0.12300000000000012
1899-12-01,-8.499
1900-01-01,-13.145
1900-02-01,-7.603
1900-03-01,5.57
1900-04-01,12.827
1900-05-01,20.818
1900-06-01,23.326
1900-07-01,25.51100000000001
1900-08-01,23.401
1900-09-01,19.266
1900-10-01,10.375
1900-11-01,2.061
1900-12-01,-6.3290000000000015
1901-01-01,-9.782
1901-02-01,-6.268
1901-03-01,7.8210000000000015
1901-04-01,13.995999999999999
1901-05-01,18.116
1901-06-01,21.26
1901-07-01,24.117
1901-08-01,23.432
1901-09-01,18.785
1901-10-01,8.334
1901-11-01,2.202
1901-12-01,-6.365
1902-01-01,-6.58
1902-02-01,-2.9419999999999997
1902-03-01,6.131
1902-04-01,13.182
1902-05-01,18.654
1902-06-01,22.321
1902-07-01,23.084
1902-08-01,22.629
1902-09-01,18.323
1902-10-01,10.554
1902-11-01,0.3430000000000001
1902-12-01,-7.3980000000000015
1903-01-01,-9.668
1903-02-01,-3.7969999999999997
1903-03-01,1.048
1903-04-01,10.36
1903-05-01,17.902
1903-06-01,20.579
1903-07-01,22.659000000000002
1903-08-01,21.819000000000006
1903-09-01,18.39
1903-10-01,9.876
1903-11-01,-1.297
1903-12-01,-8.286000000000001
1904-01-01,-9.583
1904-02-01,-1.0
1904-03-01,5.4860000000000015
1904-04-01,11.484000000000002
1904-05-01,19.624
1904-06-01,23.088
1904-07-01,23.699
1904-08-01,22.614
1904-09-01,17.285
1904-10-01,7.918000000000001
1904-11-01,0.20300000000000007
1904-12-01,-5.882999999999999
1905-01-01,-9.925
1905-02-01,-8.722000000000001
1905-03-01,-0.5529999999999999
1905-04-01,9.993
1905-05-01,18.523
1905-06-01,21.982
1905-07-01,24.155
1905-08-01,22.504
1905-09-01,17.807000000000006
1905-10-01,11.025
1905-11-01,1.895
1905-12-01,-8.325000000000001
1906-01-01,-10.225
1906-02-01,-5.564
1906-03-01,5.526
1906-04-01,13.311
1906-05-01,18.489
1906-06-01,23.397
1906-07-01,23.831
1906-08-01,22.451
1906-09-01,18.521
1906-10-01,10.167
1906-11-01,-0.02699999999999992
1906-12-01,-6.485
1907-01-01,-7.6560000000000015
1907-02-01,-5.23
1907-03-01,3.535
1907-04-01,13.704
1907-05-01,18.272
1907-06-01,20.954
1907-07-01,22.977
1907-08-01,22.458
1907-09-01,17.634
1907-10-01,9.22
1907-11-01,-0.17399999999999993
1907-12-01,-7.17
1908-01-01,-6.784
1908-02-01,-5.994
1908-03-01,2.9410000000000003
1908-04-01,13.749
1908-05-01,19.887
1908-06-01,22.239
1908-07-01,25.346
1908-08-01,23.212
1908-09-01,18.183
1908-10-01,8.192
1908-11-01,-0.599
1908-12-01,-7.3130000000000015
1909-01-01,-11.087
1909-02-01,-3.657
1909-03-01,4.605
1909-04-01,16.47
1909-05-01,19.797
1909-06-01,22.078000000000007
1909-07-01,24.541
1909-08-01,24.182
1909-09-01,17.678
1909-10-01,9.176
1909-11-01,3.148
1909-12-01,-5.806
1910-01-01,-6.2120000000000015
1910-02-01,-4.237
1910-03-01,4.247
1910-04-01,13.616
1910-05-01,20.143
1910-06-01,22.517
1910-07-01,24.762
1910-08-01,23.151
1910-09-01,17.814
1910-10-01,9.955
1910-11-01,-2.056
1910-12-01,-9.399
1911-01-01,-8.033999999999999
1911-02-01,-2.156
1911-03-01,6.245
1911-04-01,16.403
1911-05-01,19.741
1911-06-01,23.705
1911-07-01,23.561
1911-08-01,22.366
1911-09-01,17.936
1911-10-01,9.44
1911-11-01,0.93
1911-12-01,-8.363
1912-01-01,-9.074
1912-02-01,-0.8719999999999999
1912-03-01,5.226
1912-04-01,16.407
1912-05-01,19.713
1912-06-01,23.129
1912-07-01,24.03700000000001
1912-08-01,22.048
1912-09-01,16.6
1912-10-01,10.897
1912-11-01,0.4570000000000001
1912-12-01,-7.447
1913-01-01,-7.474
1913-02-01,-2.935
1913-03-01,3.8080000000000003
1913-04-01,11.633
1913-05-01,19.078
1913-06-01,22.012
1913-07-01,24.72900000000001
1913-08-01,22.299
1913-09-01,17.555999999999994
1913-10-01,10.956
1913-11-01,-0.31299999999999994
1913-12-01,-7.0420000000000025
1914-01-01,-5.851
1914-02-01,-1.853
1914-03-01,5.8580000000000005
1914-04-01,14.84
1914-05-01,18.475
1914-06-01,24.299
1914-07-01,24.498
1914-08-01,22.682
1914-09-01,18.584
1914-10-01,8.55
1914-11-01,0.2460000000000001
1914-12-01,-8.332
1915-01-01,-8.687000000000001
1915-02-01,-5.105
1915-03-01,5.162000000000001
1915-04-01,15.539
1915-05-01,20.851
1915-06-01,23.616
1915-07-01,24.356
1915-08-01,23.761
1915-09-01,19.834
1915-10-01,10.934000000000001
1915-11-01,1.954
1915-12-01,-4.6880000000000015
1916-01-01,-7.857
1916-02-01,-5.867000000000001
1916-03-01,6.722
1916-04-01,16.121
1916-05-01,19.83
1916-06-01,22.903
1916-07-01,24.709
1916-08-01,24.406
1916-09-01,19.97
1916-10-01,10.962
1916-11-01,-2.685
1916-12-01,-9.258
1917-01-01,-8.781
1917-02-01,-1.226
1917-03-01,5.083
1917-04-01,12.619000000000002
1917-05-01,22.449
1917-06-01,22.798000000000002
1917-07-01,24.331
1917-08-01,24.113000000000003
1917-09-01,18.110000000000007
1917-10-01,9.963
1917-11-01,0.3210000000000001
1917-12-01,-10.109
1918-01-01,-10.397
1918-02-01,-3.74
1918-03-01,6.205
1918-04-01,13.59
1918-05-01,21.57
1918-06-01,23.833
1918-07-01,24.077
1918-08-01,24.296999999999997
1918-09-01,18.630000000000006
1918-10-01,10.407
1918-11-01,-2.43
1918-12-01,-11.595999999999998
1919-01-01,-14.634
1919-02-01,-4.341
1919-03-01,4.558
1919-04-01,14.96
1919-05-01,20.614
1919-06-01,22.747
1919-07-01,24.675
1919-08-01,23.655
1919-09-01,16.605999999999998
1919-10-01,10.99
1919-11-01,1.095
1919-12-01,-7.307
1920-01-01,-7.951
1920-02-01,-6.941
1920-03-01,3.8680000000000003
1920-04-01,13.557
1920-05-01,17.418
1920-06-01,22.815
1920-07-01,24.17
1920-08-01,22.21
1920-09-01,17.489
1920-10-01,10.657
1920-11-01,0.2550000000000001
1920-12-01,-11.797
1921-01-01,-10.039
1921-02-01,-3.274
1921-03-01,4.742
1921-04-01,14.411
1921-05-01,18.097
1921-06-01,20.647
1921-07-01,23.547
1921-08-01,22.438
1921-09-01,17.860000000000007
1921-10-01,9.985
1921-11-01,-0.014999999999999902
1921-12-01,-6.684
1922-01-01,-8.607000000000001
1922-02-01,-2.5469999999999997
1922-03-01,7.192
1922-04-01,14.667
1922-05-01,19.569000000000006
1922-06-01,22.329
1922-07-01,24.358
1922-08-01,22.883000000000006
1922-09-01,18.551
1922-10-01,10.453
1922-11-01,1.834
1922-12-01,-6.473000000000001
1923-01-01,-10.565999999999999
1923-02-01,-4.595
1923-03-01,5.689
1923-04-01,14.892999999999999
1923-05-01,19.314
1923-06-01,23.289
1923-07-01,22.961
1923-08-01,24.969
1923-09-01,16.433
1923-10-01,10.27
1923-11-01,1.765
1923-12-01,-8.432
1924-01-01,-9.07
1924-02-01,-3.049
1924-03-01,5.369
1924-04-01,15.222
1924-05-01,17.073
1924-06-01,21.922
1924-07-01,25.567
1924-08-01,23.660999999999998
1924-09-01,17.798000000000005
1924-10-01,10.568
1924-11-01,0.3380000000000001
1924-12-01,-6.155
1925-01-01,-8.818
1925-02-01,-6.6789999999999985
1925-03-01,7.057
1925-04-01,13.821
1925-05-01,19.262
1925-06-01,23.005
1925-07-01,24.774
1925-08-01,23.163
1925-09-01,18.406
1925-10-01,11.671
1925-11-01,0.09500000000000007
1925-12-01,-3.9360000000000004
1926-01-01,-7.569
1926-02-01,-1.806
1926-03-01,7.747000000000001
1926-04-01,13.213
1926-05-01,19.232
1926-06-01,22.888
1926-07-01,23.957
1926-08-01,23.180999999999997
1926-09-01,18.254
1926-10-01,10.128
1926-11-01,-1.898
1926-12-01,-7.888
1927-01-01,-10.157
1927-02-01,-4.717
1927-03-01,3.548
1927-04-01,15.575
1927-05-01,19.223
1927-06-01,22.388
1927-07-01,25.727
1927-08-01,23.403
1927-09-01,17.531000000000002
1927-10-01,12.085
1927-11-01,1.04
1927-12-01,-6.162000000000001
1928-01-01,-10.031
1928-02-01,-2.905
1928-03-01,3.822
1928-04-01,13.890999999999998
1928-05-01,20.641
1928-06-01,23.754
1928-07-01,23.803
1928-08-01,22.211
1928-09-01,16.697000000000006
1928-10-01,10.709
1928-11-01,1.3170000000000002
1928-12-01,-10.32
1929-01-01,-12.99
1929-02-01,-5.473
1929-03-01,7.04
1929-04-01,17.285
1929-05-01,18.26
1929-06-01,22.141
1929-07-01,24.161
1929-08-01,22.462
1929-09-01,18.663
1929-10-01,8.31
1929-11-01,0.13100000000000012
1929-12-01,-13.64
1930-01-01,-13.51
1930-02-01,-4.335
1930-03-01,5.718
1930-04-01,12.606
1930-05-01,19.655
1930-06-01,23.382
1930-07-01,24.97
1930-08-01,22.34
1930-09-01,16.754
1930-10-01,9.473
1930-11-01,2.564
1930-12-01,-9.343
1931-01-01,-10.484000000000002
1931-02-01,-10.484000000000002
1931-03-01,4.7860000000000005
1931-04-01,14.315
1931-05-01,17.854
1931-06-01,22.363000000000003
1931-07-01,23.248
1931-08-01,23.519
1931-09-01,19.479000000000006
1931-10-01,11.931
1931-11-01,-0.32799999999999985
1931-12-01,-7.755000000000001
1932-01-01,-7.42
1932-02-01,-4.141
1932-03-01,8.196
1932-04-01,16.323999999999998
1932-05-01,18.437
1932-06-01,22.912
1932-07-01,25.541
1932-08-01,21.302
1932-09-01,17.869
1932-10-01,9.893
1932-11-01,0.8820000000000001
1932-12-01,-10.367
1933-01-01,-12.819
1933-02-01,-3.674
1933-03-01,4.276
1933-04-01,15.224
1933-05-01,20.079
1933-06-01,22.806
1933-07-01,24.503
1933-08-01,23.997
1933-09-01,17.433
1933-10-01,9.123
1933-11-01,1.6130000000000002
1933-12-01,-6.194000000000001
1934-01-01,-12.234000000000002
1934-02-01,-1.5619999999999998
1934-03-01,5.32
1934-04-01,12.047
1934-05-01,17.53
1934-06-01,22.934
1934-07-01,22.97300000000001
1934-08-01,22.263
1934-09-01,16.087
1934-10-01,9.437000000000001
1934-11-01,-1.895
1934-12-01,-6.181
1935-01-01,-12.836
1935-02-01,-1.911
1935-03-01,6.362
1935-04-01,12.912
1935-05-01,19.235
1935-06-01,22.993
1935-07-01,24.091
1935-08-01,23.589
1935-09-01,17.777
1935-10-01,10.932
1935-11-01,-2.8069999999999995
1935-12-01,-12.189
1936-01-01,-11.669
1936-02-01,-4.706
1936-03-01,3.318
1936-04-01,12.765999999999998
1936-05-01,19.372
1936-06-01,23.048000000000002
1936-07-01,24.267
1936-08-01,21.276
1936-09-01,18.434
1936-10-01,13.196000000000002
1936-11-01,2.1020000000000003
1936-12-01,-8.127
1937-01-01,-10.592
1937-02-01,-3.129
1937-03-01,4.029
1937-04-01,12.878
1937-05-01,19.262999999999998
1937-06-01,22.007
1937-07-01,24.19700000000001
1937-08-01,22.551
1937-09-01,19.029
1937-10-01,10.437000000000001
1937-11-01,-4.2360000000000015
1937-12-01,-8.891
1938-01-01,-8.947000000000003
1938-02-01,-3.876
1938-03-01,5.007
1938-04-01,16.213
1938-05-01,21.404
1938-06-01,22.0
1938-07-01,25.31600000000001
1938-08-01,22.753
1938-09-01,17.502000000000002
1938-10-01,9.862
1938-11-01,1.479
1938-12-01,-8.936
1939-01-01,-9.646
1939-02-01,-3.0660000000000003
1939-03-01,3.5050000000000003
1939-04-01,12.613
1939-05-01,20.126
1939-06-01,23.272
1939-07-01,25.417
1939-08-01,23.704
1939-09-01,19.137
1939-10-01,10.592
1939-11-01,1.21
1939-12-01,-3.741000000000001
1940-01-01,-6.539
1940-02-01,-1.6369999999999998
1940-03-01,7.324
1940-04-01,15.503
1940-05-01,18.974
1940-06-01,24.146
1940-07-01,25.206
1940-08-01,22.561999999999998
1940-09-01,16.784000000000002
1940-10-01,11.638
1940-11-01,0.98
1940-12-01,-4.098000000000001
1941-01-01,-7.053
1941-02-01,-0.246
1941-03-01,8.051
1941-04-01,16.284000000000002
1941-05-01,20.547
1941-06-01,24.793000000000006
1941-07-01,24.002
1941-08-01,23.734
1941-09-01,17.669
1941-10-01,12.749
1941-11-01,1.683
1941-12-01,-5.5710000000000015
1942-01-01,-8.081
1942-02-01,-8.149000000000001
1942-03-01,6.996
1942-04-01,14.152
1942-05-01,18.904
1942-06-01,23.71
1942-07-01,24.867
1942-08-01,22.837
1942-09-01,18.209
1942-10-01,11.175
1942-11-01,1.827
1942-12-01,-6.5310000000000015
1943-01-01,-8.421
1943-02-01,-4.102
1943-03-01,5.697
1943-04-01,13.929
1943-05-01,20.320999999999998
1943-06-01,22.175
1943-07-01,26.178
1943-08-01,24.361
1943-09-01,18.797
1943-10-01,9.908
1943-11-01,-1.841
1943-12-01,-7.865
1944-01-01,-10.164
1944-02-01,-3.495
1944-03-01,9.567
1944-04-01,14.477
1944-05-01,20.597
1944-06-01,23.163
1944-07-01,26.502
1944-08-01,23.564
1944-09-01,17.324
1944-10-01,9.498
1944-11-01,-0.7769999999999999
1944-12-01,-14.451
1945-01-01,-10.564
1945-02-01,-7.545
1945-03-01,2.713
1945-04-01,15.252
1945-05-01,20.58
1945-06-01,23.297
1945-07-01,24.363000000000003
1945-08-01,24.105
1945-09-01,18.612000000000002
1945-10-01,12.611
1945-11-01,0.5900000000000001
1945-12-01,-7.087999999999999
1946-01-01,-7.042000000000002
1946-02-01,-0.12400000000000012
1946-03-01,4.394
1946-04-01,16.427
1946-05-01,19.649
1946-06-01,21.607
1946-07-01,23.643
1946-08-01,22.195
1946-09-01,18.639000000000006
1946-10-01,12.805
1946-11-01,-0.8959999999999999
1946-12-01,-9.619
1947-01-01,-9.022
1947-02-01,-4.308
1947-03-01,10.67
1947-04-01,16.262999999999998
1947-05-01,19.506
1947-06-01,22.334
1947-07-01,23.675
1947-08-01,23.3
1947-09-01,18.514000000000006
1947-10-01,10.132
1947-11-01,4.499
1947-12-01,-8.940000000000003
1948-01-01,-6.702999999999999
1948-02-01,-4.314
1948-03-01,6.63
1948-04-01,13.8
1948-05-01,19.176
1948-06-01,22.199
1948-07-01,25.093000000000004
1948-08-01,23.272
1948-09-01,17.735000000000007
1948-10-01,10.986
1948-11-01,-0.028999999999999918
1948-12-01,-8.351
1949-01-01,-8.087
1949-02-01,-1.2990000000000002
1949-03-01,5.6930000000000005
1949-04-01,15.140999999999998
1949-05-01,19.392
1949-06-01,22.497
1949-07-01,23.307
1949-08-01,23.197
1949-09-01,16.305999999999994
1949-10-01,9.74
1949-11-01,-1.356
1949-12-01,-9.495
1950-01-01,-6.222
1950-02-01,-5.843999999999999
1950-03-01,6.971
1950-04-01,12.364
1950-05-01,21.034
1950-06-01,23.085
1950-07-01,24.94
1950-08-01,23.214
1950-09-01,18.021
1950-10-01,9.161
1950-11-01,-3.1499999999999995
1950-12-01,-11.755999999999998
1951-01-01,-10.089
1951-02-01,-7.2810000000000015
1951-03-01,2.992
1951-04-01,13.529000000000002
1951-05-01,21.028
1951-06-01,22.355
1951-07-01,23.946
1951-08-01,23.308000000000003
1951-09-01,19.367
1951-10-01,12.02
1951-11-01,-0.0020000000000000018
1951-12-01,-4.378
1952-01-01,-6.746
1952-02-01,-1.6059999999999999
1952-03-01,6.122000000000001
1952-04-01,14.773
1952-05-01,18.802
1952-06-01,21.965
1952-07-01,24.471
1952-08-01,23.686
1952-09-01,18.346
1952-10-01,8.527999999999999
1952-11-01,-2.747
1952-12-01,-10.885000000000002
1953-01-01,-8.572000000000001
1953-02-01,-0.3220000000000001
1953-03-01,6.814
1953-04-01,12.29
1953-05-01,21.498
1953-06-01,23.27
1953-07-01,26.01400000000001
1953-08-01,22.405
1953-09-01,19.89
1953-10-01,8.406
1953-11-01,-0.444
1953-12-01,-8.314
1954-01-01,-10.622
1954-02-01,-4.968999999999999
1954-03-01,3.919
1954-04-01,15.347999999999999
1954-05-01,18.009999999999994
1954-06-01,21.575
1954-07-01,23.07200000000001
1954-08-01,23.37
1954-09-01,18.929000000000002
1954-10-01,10.255
1954-11-01,0.41600000000000004
1954-12-01,-12.887
1955-01-01,-12.936
1955-02-01,-3.488
1955-03-01,5.6770000000000005
1955-04-01,11.577
1955-05-01,19.408
1955-06-01,23.67
1955-07-01,23.887
1955-08-01,24.57
1955-09-01,18.009
1955-10-01,10.42
1955-11-01,1.537
1955-12-01,-3.7560000000000002
1956-01-01,-11.345
1956-02-01,-2.294
1956-03-01,5.995
1956-04-01,15.288
1956-05-01,20.411
1956-06-01,21.709
1956-07-01,26.859
1956-08-01,23.522
1956-09-01,19.22
1956-10-01,10.476
1956-11-01,1.58
1956-12-01,-7.801
1957-01-01,-8.991999999999997
1957-02-01,-5.317
1957-03-01,7.9090000000000025
1957-04-01,12.791
1957-05-01,18.088
1957-06-01,23.564
1957-07-01,23.538
1957-08-01,22.476999999999997
1957-09-01,18.14
1957-10-01,10.141
1957-11-01,1.453
1957-12-01,-4.551
1958-01-01,-8.031
1958-02-01,-1.11
1958-03-01,8.329
1958-04-01,15.735999999999999
1958-05-01,17.503999999999998
1958-06-01,21.978
1958-07-01,24.578000000000007
1958-08-01,21.320999999999998
1958-09-01,18.725
1958-10-01,9.811
1958-11-01,0.539
1958-12-01,-4.3290000000000015
1959-01-01,-8.011000000000001
1959-02-01,-3.267
1959-03-01,4.831
1959-04-01,15.722999999999999
1959-05-01,16.878
1959-06-01,21.913
1959-07-01,24.66500000000001
1959-08-01,22.951999999999998
1959-09-01,20.706000000000003
1959-10-01,12.254000000000001
1959-11-01,0.20900000000000007
1959-12-01,-7.846
1960-01-01,-9.355
1960-02-01,0.4590000000000001
1960-03-01,6.0779999999999985
1960-04-01,12.035
1960-05-01,17.858
1960-06-01,22.061
1960-07-01,23.644000000000002
1960-08-01,23.331999999999997
1960-09-01,18.55
1960-10-01,9.511000000000001
1960-11-01,-0.8370000000000001
1960-12-01,-6.4289999999999985
1961-01-01,-8.524
1961-02-01,-3.652
1961-03-01,5.561
1961-04-01,15.339
1961-05-01,20.636
1961-06-01,23.476
1961-07-01,24.452
1961-08-01,22.215
1961-09-01,18.754
1961-10-01,8.642000000000001
1961-11-01,0.524
1961-12-01,-6.819000000000001
1962-01-01,-9.176
1962-02-01,-2.006
1962-03-01,6.9620000000000015
1962-04-01,13.847
1962-05-01,20.55
1962-06-01,22.731
1962-07-01,23.91800000000001
1962-08-01,23.38
1962-09-01,18.159000000000002
1962-10-01,10.811
1962-11-01,-1.015
1962-12-01,-9.112
1963-01-01,-8.479
1963-02-01,-0.762
1963-03-01,8.785
1963-04-01,13.668
1963-05-01,20.004
1963-06-01,23.077
1963-07-01,24.002
1963-08-01,22.349
1963-09-01,18.283
1963-10-01,11.085
1963-11-01,2.77
1963-12-01,-6.1190000000000015
1964-01-01,-8.457
1964-02-01,-5.864
1964-03-01,7.254
1964-04-01,14.55
1964-05-01,18.176
1964-06-01,22.734
1964-07-01,23.811
1964-08-01,23.384
1964-09-01,18.172
1964-10-01,9.513
1964-11-01,0.8580000000000001
1964-12-01,-6.724
1965-01-01,-5.475
1965-02-01,-2.9760000000000004
1965-03-01,6.604
1965-04-01,15.538
1965-05-01,19.79
1965-06-01,23.008000000000006
1965-07-01,24.29300000000001
1965-08-01,23.656
1965-09-01,18.002000000000006
1965-10-01,11.272
1965-11-01,2.7960000000000003
1965-12-01,-7.117000000000001
1966-01-01,-6.27
1966-02-01,0.1379999999999999
1966-03-01,7.224
1966-04-01,13.269
1966-05-01,17.555
1966-06-01,24.637
1966-07-01,23.483
1966-08-01,23.348000000000006
1966-09-01,18.428
1966-10-01,9.904
1966-11-01,-0.627
1966-12-01,-8.295
1967-01-01,-13.324000000000002
1967-02-01,-4.248
1967-03-01,6.158
1967-04-01,14.466
1967-05-01,19.757
1967-06-01,23.007
1967-07-01,24.358
1967-08-01,22.276
1967-09-01,18.261000000000006
1967-10-01,10.115
1967-11-01,-1.6269999999999998
1967-12-01,-6.752999999999999
1968-01-01,-6.678
1968-02-01,-4.577999999999999
1968-03-01,7.926
1968-04-01,13.194
1968-05-01,19.953
1968-06-01,22.848000000000006
1968-07-01,24.388
1968-08-01,22.395
1968-09-01,17.135
1968-10-01,9.848
1968-11-01,1.6130000000000002
1968-12-01,-6.15
1969-01-01,-11.117
1969-02-01,-8.26
1969-03-01,7.024
1969-04-01,13.828
1969-05-01,20.379
1969-06-01,22.091
1969-07-01,23.708000000000002
1969-08-01,23.160999999999998
1969-09-01,17.163
1969-10-01,11.198
1969-11-01,1.988
1969-12-01,-5.269
1970-01-01,-9.218
1970-02-01,-1.972
1970-03-01,3.92
1970-04-01,14.055
1970-05-01,20.047
1970-06-01,22.407
1970-07-01,23.781
1970-08-01,23.747
1970-09-01,18.445
1970-10-01,10.482000000000001
1970-11-01,1.253
1970-12-01,-6.296
1971-01-01,-8.576
1971-02-01,-2.419
1971-03-01,7.202000000000001
1971-04-01,14.901
1971-05-01,19.496
1971-06-01,23.628
1971-07-01,23.436
1971-08-01,22.958
1971-09-01,16.848000000000006
1971-10-01,10.705
1971-11-01,2.998
1971-12-01,-2.6860000000000013
1972-01-01,-6.729
1972-02-01,-6.681
1972-03-01,6.232
1972-04-01,13.839
1972-05-01,20.748
1972-06-01,22.812
1972-07-01,21.964000000000002
1972-08-01,22.96
1972-09-01,17.961000000000006
1972-10-01,10.264000000000001
1972-11-01,2.395
1972-12-01,-6.091
1973-01-01,-7.802
1973-02-01,-1.2479999999999998
1973-03-01,5.954
1973-04-01,15.84
1973-05-01,19.133
1973-06-01,23.033
1973-07-01,25.513
1973-08-01,23.803
1973-09-01,18.962
1973-10-01,10.068
1973-11-01,3.12
1973-12-01,-5.166
1974-01-01,-8.121
1974-02-01,-6.555
1974-03-01,5.393
1974-04-01,16.835
1974-05-01,20.562
1974-06-01,22.764
1974-07-01,25.135
1974-08-01,21.765
1974-09-01,18.109
1974-10-01,9.881
1974-11-01,2.464
1974-12-01,-11.262
1975-01-01,-8.955
1975-02-01,-2.862
1975-03-01,7.247000000000001
1975-04-01,14.512
1975-05-01,18.276
1975-06-01,22.596
1975-07-01,24.313000000000002
1975-08-01,23.767
1975-09-01,18.528
1975-10-01,11.253
1975-11-01,0.5000000000000001
1975-12-01,-9.513
1976-01-01,-7.467
1976-02-01,-1.8459999999999999
1976-03-01,4.224
1976-04-01,14.046
1976-05-01,20.658
1976-06-01,22.002
1976-07-01,24.19400000000001
1976-08-01,22.31
1976-09-01,17.982000000000006
1976-10-01,10.336
1976-11-01,-1.207
1976-12-01,-8.491
1977-01-01,-11.112
1977-02-01,-5.506
1977-03-01,6.237
1977-04-01,14.482
1977-05-01,19.566
1977-06-01,23.957
1977-07-01,24.149
1977-08-01,23.855
1977-09-01,19.539
1977-10-01,11.792
1977-11-01,4.128
1977-12-01,-5.3180000000000005
1978-01-01,-12.1
1978-02-01,-6.541
1978-03-01,6.09
1978-04-01,16.235
1978-05-01,21.258000000000006
1978-06-01,24.08
1978-07-01,25.535
1978-08-01,23.508000000000006
1978-09-01,18.654
1978-10-01,11.04
1978-11-01,1.7080000000000002
1978-12-01,-3.8
1979-01-01,-7.277
1979-02-01,-0.6599999999999997
1979-03-01,5.0760000000000005
1979-04-01,14.147
1979-05-01,18.173
1979-06-01,23.082
1979-07-01,23.792
1979-08-01,23.0
1979-09-01,17.528000000000002
1979-10-01,12.543
1979-11-01,0.9390000000000001
1979-12-01,-4.3950000000000005
1980-01-01,-8.043
1980-02-01,-3.709
1980-03-01,5.0600000000000005
1980-04-01,15.118
1980-05-01,21.4
1980-06-01,22.57
1980-07-01,25.498
1980-08-01,23.616999999999997
1980-09-01,18.407
1980-10-01,11.826
1980-11-01,4.8180000000000005
1980-12-01,-4.15
1981-01-01,-7.48
1981-02-01,-2.596
1981-03-01,8.212
1981-04-01,15.6
1981-05-01,21.227
1981-06-01,23.424
1981-07-01,24.58
1981-08-01,21.839
1981-09-01,17.67
1981-10-01,8.399000000000001
1981-11-01,-0.6359999999999999
1981-12-01,-8.011000000000001
1982-01-01,-6.002999999999999
1982-02-01,-1.871
1982-03-01,6.7940000000000005
1982-04-01,14.466
1982-05-01,20.182
1982-06-01,22.561
1982-07-01,24.495
1982-08-01,22.955
1982-09-01,17.364
1982-10-01,12.068
1982-11-01,0.5040000000000001
1982-12-01,-6.894
1983-01-01,-7.888
1983-02-01,-1.729
1983-03-01,5.8260000000000005
1983-04-01,13.972999999999999
1983-05-01,19.57
1983-06-01,22.515
1983-07-01,24.233
1983-08-01,24.842
1983-09-01,18.806
1983-10-01,10.654000000000002
1983-11-01,2.095
1983-12-01,-6.131
1984-01-01,-9.487
1984-02-01,-6.2379999999999995
1984-03-01,6.636
1984-04-01,13.507
1984-05-01,19.945999999999998
1984-06-01,23.541
1984-07-01,24.47600000000001
1984-08-01,25.254
1984-09-01,17.435000000000002
1984-10-01,9.474
1984-11-01,1.666
1984-12-01,-11.365
1985-01-01,-9.477
1985-02-01,-1.722
1985-03-01,4.317
1985-04-01,15.646999999999998
1985-05-01,19.284
1985-06-01,22.787
1985-07-01,25.459
1985-08-01,23.962
1985-09-01,18.204
1985-10-01,10.489
1985-11-01,0.6380000000000001
1985-12-01,-5.6370000000000005
1986-01-01,-7.172999999999999
1986-02-01,-2.439
1986-03-01,4.48
1986-04-01,13.706
1986-05-01,19.528
1986-06-01,22.666
1986-07-01,25.898000000000003
1986-08-01,23.808000000000003
1986-09-01,18.69
1986-10-01,11.186
1986-11-01,1.1720000000000002
1986-12-01,-6.1690000000000005
1987-01-01,-6.6129999999999995
1987-02-01,-0.34399999999999986
1987-03-01,7.308
1987-04-01,14.76
1987-05-01,18.629
1987-06-01,21.643
1987-07-01,24.60400000000001
1987-08-01,24.559
1987-09-01,19.397000000000002
1987-10-01,8.799
1987-11-01,0.7050000000000001
1987-12-01,-5.381
1988-01-01,-6.289
1988-02-01,-4.0489999999999995
1988-03-01,3.989
1988-04-01,14.855
1988-05-01,18.296
1988-06-01,23.26
1988-07-01,25.55
1988-08-01,22.913
1988-09-01,19.335
1988-10-01,10.07
1988-11-01,2.629
1988-12-01,-3.6810000000000014
1989-01-01,-7.494
1989-02-01,-3.409
1989-03-01,5.535
1989-04-01,12.495999999999999
1989-05-01,20.204
1989-06-01,21.619
1989-07-01,24.15
1989-08-01,22.723000000000006
1989-09-01,18.101000000000006
1989-10-01,11.872
1989-11-01,1.4169999999999998
1989-12-01,-2.548
1990-01-01,-6.218
1990-02-01,-1.843
1990-03-01,6.53
1990-04-01,13.713
1990-05-01,20.715
1990-06-01,25.272
1990-07-01,24.03700000000001
1990-08-01,23.828000000000007
1990-09-01,19.963
1990-10-01,11.1
1990-11-01,2.685
1990-12-01,-5.282
1991-01-01,-8.286
1991-02-01,-4.05
1991-03-01,6.018
1991-04-01,14.15
1991-05-01,19.911
1991-06-01,23.225
1991-07-01,24.82800000000001
1991-08-01,22.039
1991-09-01,19.535
1991-10-01,10.324000000000002
1991-11-01,0.7190000000000001
1991-12-01,-5.3039999999999985
1992-01-01,-8.026
1992-02-01,-1.884
1992-03-01,5.497999999999998
1992-04-01,16.41
1992-05-01,18.779
1992-06-01,22.331
1992-07-01,24.309
1992-08-01,22.174
1992-09-01,17.610000000000007
1992-10-01,9.661
1992-11-01,0.7650000000000001
1992-12-01,-5.6000000000000005
1993-01-01,-8.566
1993-02-01,-0.19700000000000006
1993-03-01,6.92
1993-04-01,14.779000000000002
1993-05-01,17.998
1993-06-01,23.063
1993-07-01,23.661
1993-08-01,21.381999999999998
1993-09-01,19.045
1993-10-01,9.696
1993-11-01,0.5850000000000001
1993-12-01,-6.607
1994-01-01,-8.757
1994-02-01,-3.1719999999999997
1994-03-01,5.908
1994-04-01,13.312999999999999
1994-05-01,20.368
1994-06-01,23.551
1994-07-01,25.898000000000003
1994-08-01,24.015
1994-09-01,16.858
1994-10-01,9.936
1994-11-01,4.466
1994-12-01,-4.881
1995-01-01,-10.595999999999998
1995-02-01,-2.266
1995-03-01,5.627000000000002
1995-04-01,13.314
1995-05-01,20.669
1995-06-01,24.157
1995-07-01,24.542
1995-08-01,24.393
1995-09-01,18.502
1995-10-01,10.461
1995-11-01,2.1820000000000004
1995-12-01,-7.312
1996-01-01,-9.282
1996-02-01,-2.516
1996-03-01,5.4990000000000006
1996-04-01,12.714
1996-05-01,19.377
1996-06-01,23.211
1996-07-01,23.993000000000002
1996-08-01,23.129
1996-09-01,19.345
1996-10-01,10.619000000000002
1996-11-01,1.2990000000000002
1996-12-01,-6.473000000000001
1997-01-01,-5.886
1997-02-01,-2.455
1997-03-01,8.432
1997-04-01,16.808999999999994
1997-05-01,20.746
1997-06-01,23.054000000000002
1997-07-01,26.0
1997-08-01,23.448
1997-09-01,19.488
1997-10-01,12.09
1997-11-01,0.551
1997-12-01,-7.3240000000000025
1998-01-01,-8.552
1998-02-01,-0.029999999999999805
1998-03-01,5.3279999999999985
1998-04-01,15.671
1998-05-01,19.03
1998-06-01,23.961
1998-07-01,25.062
1998-08-01,23.409
1998-09-01,19.819000000000006
1998-10-01,11.283
1998-11-01,3.508
1998-12-01,-4.3820000000000014
1999-01-01,-6.718
1999-02-01,0.26400000000000023
1999-03-01,6.572
1999-04-01,14.524
1999-05-01,20.735
1999-06-01,23.676
1999-07-01,24.545
1999-08-01,24.0
1999-09-01,19.575000000000006
1999-10-01,12.039
1999-11-01,2.2910000000000004
1999-12-01,-4.3130000000000015
2000-01-01,-6.315
2000-02-01,-2.923
2000-03-01,6.574
2000-04-01,16.061
2000-05-01,21.932
2000-06-01,23.453000000000007
2000-07-01,25.32800000000001
2000-08-01,23.838
2000-09-01,18.817
2000-10-01,9.563
2000-11-01,0.92
2000-12-01,-5.449
2001-01-01,-7.901
2001-02-01,-0.9590000000000001
2001-03-01,8.43
2001-04-01,14.427
2001-05-01,21.669
2001-06-01,24.753
2001-07-01,24.81600000000001
2001-08-01,23.596
2001-09-01,18.691000000000006
2001-10-01,11.066
2001-11-01,3.891
2001-12-01,-7.7650000000000015
2002-01-01,-6.6960000000000015
2002-02-01,-1.028
2002-03-01,8.911999999999997
2002-04-01,14.327
2002-05-01,20.162
2002-06-01,24.282
2002-07-01,23.643
2002-08-01,25.266
2002-09-01,18.188
2002-10-01,12.316
2002-11-01,3.393
2002-12-01,-7.466
2003-01-01,-7.353
2003-02-01,-0.7210000000000001
2003-03-01,6.7860000000000005
2003-04-01,12.866
2003-05-01,18.913
2003-06-01,23.877
2003-07-01,24.274
2003-08-01,22.965
2003-09-01,19.104000000000006
2003-10-01,11.244000000000002
2003-11-01,2.278
2003-12-01,-5.849
2004-01-01,-7.129
2004-02-01,-0.6160000000000001
2004-03-01,8.416
2004-04-01,16.708
2004-05-01,19.664
2004-06-01,23.987
2004-07-01,25.273000000000003
2004-08-01,23.268
2004-09-01,19.384
2004-10-01,10.561
2004-11-01,2.8680000000000003
2004-12-01,-4.646000000000001
2005-01-01,-7.734
2005-02-01,-4.025
2005-03-01,8.908999999999997
2005-04-01,15.353
2005-05-01,19.324
2005-06-01,24.68
2005-07-01,24.771
2005-08-01,22.230999999999998
2005-09-01,20.114
2005-10-01,11.288
2005-11-01,2.04
2005-12-01,-7.58
2006-01-01,-11.203
2006-02-01,-0.5139999999999998
2006-03-01,7.524
2006-04-01,15.411
2006-05-01,21.068
2006-06-01,23.256
2006-07-01,24.687
2006-08-01,24.926
2006-09-01,19.195
2006-10-01,13.498
2006-11-01,4.006
2006-12-01,-6.4570000000000025
2007-01-01,-7.938
2007-02-01,1.5910000000000002
2007-03-01,7.723
2007-04-01,17.622999999999994
2007-05-01,21.478
2007-06-01,24.431
2007-07-01,24.833000000000002
2007-08-01,23.889
2007-09-01,18.999000000000002
2007-10-01,9.866
2007-11-01,3.12
2007-12-01,-5.702000000000001
2008-01-01,-11.39
2008-02-01,-6.6610000000000005
2008-03-01,10.1
2008-04-01,14.927
2008-05-01,22.464
2008-06-01,25.33
2008-07-01,24.669
2008-08-01,23.965999999999998
2008-09-01,18.983
2008-10-01,11.223
2008-11-01,2.287
2008-12-01,-4.532
2009-01-01,-6.754
2009-02-01,0.2469999999999999
2009-03-01,8.33
2009-04-01,16.439
2009-05-01,19.685
2009-06-01,23.591
2009-07-01,24.377
2009-08-01,23.785999999999998
2009-09-01,18.733
2009-10-01,11.711
2009-11-01,0.4790000000000001
2009-12-01,-5.472
2010-01-01,-5.807
2010-02-01,-2.407
2010-03-01,7.278
2010-04-01,14.270999999999999
2010-05-01,18.827
2010-06-01,23.197
2010-07-01,24.594
2010-08-01,24.671999999999997
2010-09-01,18.453000000000007
2010-10-01,11.66
2010-11-01,3.099
2010-12-01,-6.2490000000000006
2011-01-01,-12.385
2011-02-01,-0.7979999999999999
2011-03-01,3.985
2011-04-01,16.256
2011-05-01,20.471
2011-06-01,23.947
2011-07-01,25.25800000000001
2011-08-01,24.199
2011-09-01,19.540000000000006
2011-10-01,11.693
2011-11-01,2.8360000000000003
2011-12-01,-6.9110000000000005
2012-01-01,-11.336
2012-02-01,-4.2219999999999995
2012-03-01,5.9529999999999985
2012-04-01,16.467
2012-05-01,20.311
2012-06-01,23.715
2012-07-01,24.375
2012-08-01,24.311
2012-09-01,19.282
2012-10-01,9.952
2012-11-01,0.2420000000000001
2012-12-01,-8.77
2013-01-01,-8.3
2013-02-01,-1.781
2013-03-01,10.854
2013-04-01,16.197
2013-05-01,19.773
2013-06-01,23.207
2013-07-01,24.465
2013-08-01,23.871
2013-09-01,16.727432636250615
