ID,Identifier,Unemployed,Region
1,1678,91000,Potchefstroom
2,148,175000,Sandton
3,349,194000,Sandton
4,385,201000,Bloemfontein
5,626,207000,Bloemfontein
6,1197,101000,Nelspruit
7,1012,33000,Cape Town
8,435,38000,Bloemfontein
9,1017,90000,Cape Town
10,281,142000,Sandton
11,1087,180000,Nelspruit
12,519,157000,Bloemfontein
13,1379,71000,Nelspruit
14,1560,82000,Potchefstroom
15,619,90000,Bloemfontein
16,923,154000,Cape Town
17,773,176000,Cape Town
18,268,184000,Sandton
19,1448,186000,Potchefstroom
20,1297,98000,Nelspruit
21,228,38000,Sandton
22,1148,54000,Nelspruit
23,254,114000,Sandton
24,1649,119000,Potchefstroom
25,519,170000,Bloemfontein
26,48,173000,Sandton
27,1234,94000,Nelspruit
28,809,85000,Cape Town
29,207,114000,Sandton
30,917,137000,Cape Town
31,931,195000,Cape Town
32,862,211000,Cape Town
33,921,223000,Cape Town
34,1377,115000,Nelspruit
35,1088,32000,Nelspruit
36,698,53000,Bloemfontein
37,1162,113000,Nelspruit
38,683,102000,Bloemfontein
39,837,141000,Cape Town
40,809,152000,Cape Town
41,1025,101000,Cape Town
42,337,72000,Sandton
43,295,86000,Sandton
44,666,125000,Bloemfontein
45,982,191000,Cape Town
46,379,206000,Bloemfontein
47,823,181000,Cape Town
48,1333,93000,Nelspruit
49,554,31000,Bloemfontein
50,1141,53000,Nelspruit
51,1386,114000,Nelspruit
52,1337,151000,Nelspruit
53,725,172000,Cape Town
54,72,160000,Sandton
55,947,90000,Cape Town
56,365,80000,Bloemfontein
57,640,87000,Bloemfontein
58,5,106000,Sandton
59,1174,183000,Nelspruit
60,987,173000,Cape Town
61,1037,159000,Cape Town
62,1411,87000,Nelspruit
63,1012,22000,Cape Town
64,1548,44000,Potchefstroom
65,987,99000,Cape Town
66,148,149000,Sandton
67,154,144000,Sandton
68,975,178000,Cape Town
69,1307,74000,Nelspruit
70,1357,71000,Nelspruit
71,395,74000,Bloemfontein
72,1334,109000,Nelspruit
73,1206,162000,Nelspruit
74,794,146000,Cape Town
75,1495,171000,Potchefstroom
76,1112,64000,Nelspruit
77,1162,37000,Nelspruit
78,42,47000,Sandton
79,1358,73000,Nelspruit
80,1120,114000,Nelspruit
81,42,114000,Sandton
82,1444,150000,Potchefstroom
83,157,58000,Sandton
84,1646,89000,Potchefstroom
85,1194,79000,Nelspruit
86,453,110000,Bloemfontein
87,1153,139000,Nelspruit
88,144,164000,Sandton
89,439,181000,Bloemfontein
90,1089,56000,Nelspruit
91,841,36000,Cape Town
92,482,39000,Bloemfontein
93,905,72000,Cape Town
94,852,156000,Cape Town
95,505,115000,Bloemfontein
96,869,123000,Cape Town
97,1618,81000,Potchefstroom
98,1110,86000,Nelspruit
99,717,69000,Bloemfontein
100,34,142000,Sandton
101,510,141000,Bloemfontein
102,1280,157000,Nelspruit
103,621,163000,Bloemfontein
104,119,82000,Sandton
105,478,25000,Bloemfontein
106,111,47000,Sandton
107,998,57000,Cape Town
108,1265,151000,Nelspruit
109,472,137000,Bloemfontein
110,1520,130000,Potchefstroom
111,372,85000,Bloemfontein
112,324,101000,Sandton
113,1010,64000,Cape Town
114,178,127000,Sandton
115,1323,161000,Nelspruit
116,432,152000,Bloemfontein
117,1600,146000,Potchefstroom
118,409,83000,Bloemfontein
119,1173,36000,Nelspruit
120,653,41000,Bloemfontein
121,1685,55000,Potchefstroom
122,1113,163000,Nelspruit
123,631,149000,Bloemfontein
124,770,152000,Cape Town
125,1674,80000,Potchefstroom
126,237,96000,Sandton
127,1172,51000,Nelspruit
128,283,102000,Sandton
129,633,152000,Bloemfontein
130,822,137000,Cape Town
131,1075,195000,Cape Town
132,1018,90000,Cape Town
133,1174,41000,Nelspruit
134,1083,48000,Nelspruit
135,1507,56000,Potchefstroom
136,1530,150000,Potchefstroom
137,957,156000,Cape Town
138,1481,120000,Potchefstroom
139,784,69000,Cape Town
140,1348,94000,Nelspruit
141,100,53000,Sandton
142,320,97000,Sandton
143,260,137000,Sandton
144,424,151000,Bloemfontein
145,995,197000,Cape Town
146,938,82000,Cape Town
147,1217,37000,Nelspruit
148,469,28000,Bloemfontein
149,343,65000,Sandton
150,1169,140000,Nelspruit
151,73,129000,Sandton
152,201,131000,Sandton
153,293,82000,Sandton
154,1092,62000,Nelspruit
155,1507,62000,Potchefstroom
156,1529,93000,Potchefstroom
157,294,164000,Sandton
158,115,150000,Sandton
159,1272,190000,Nelspruit
160,1237,104000,Nelspruit
161,781,20000,Cape Town
162,705,30000,Bloemfontein
163,32,56000,Sandton
164,805,131000,Cape Town
165,757,112000,Cape Town
166,906,116000,Cape Town
167,1356,73000,Nelspruit
168,724,64000,Cape Town
169,1365,34000,Nelspruit
170,1388,126000,Nelspruit
171,69,141000,Sandton
172,1449,105000,Potchefstroom
173,665,162000,Bloemfontein
174,215,102000,Sandton
175,1468,35000,Potchefstroom
176,997,39000,Cape Town
177,528,27000,Bloemfontein
178,74,92000,Sandton
179,1205,134000,Nelspruit
180,1213,110000,Nelspruit
181,454,85000,Bloemfontein
182,646,61000,Bloemfontein
183,1592,68000,Potchefstroom
184,1608,135000,Potchefstroom
185,602,190000,Bloemfontein
186,82,123000,Sandton
187,479,182000,Bloemfontein
188,207,95000,Sandton
189,218,21000,Sandton
190,1640,26000,Potchefstroom
191,1531,75000,Potchefstroom
192,1215,132000,Nelspruit
193,985,150000,Cape Town
194,610,124000,Bloemfontein
195,40,69000,Sandton
196,880,61000,Cape Town
197,1549,84000,Potchefstroom
198,1364,140000,Nelspruit
199,858,134000,Cape Town
200,1537,171000,Potchefstroom
201,268,163000,Sandton
202,269,84000,Sandton
203,891,20000,Cape Town
204,309,40000,Sandton
205,947,52000,Cape Town
206,1304,137000,Nelspruit
207,17,138000,Sandton
208,1033,119000,Cape Town
209,1600,60000,Potchefstroom
210,1208,54000,Nelspruit
211,565,97000,Bloemfontein
212,1606,174000,Potchefstroom
213,1152,155000,Nelspruit
214,864,140000,Cape Town
215,158,141000,Sandton
216,42,113000,Sandton
217,1532,23000,Potchefstroom
218,1472,28000,Potchefstroom
219,926,71000,Cape Town
220,523,135000,Bloemfontein
221,653,157000,Bloemfontein
222,997,98000,Cape Town
223,1624,59000,Potchefstroom
224,1602,54000,Potchefstroom
225,1019,66000,Cape Town
226,82,125000,Sandton
227,654,137000,Bloemfontein
228,428,158000,Bloemfontein
229,1660,178000,Potchefstroom
230,1183,81000,Nelspruit
231,1650,12000,Potchefstroom
232,220,45000,Sandton
233,1169,54000,Nelspruit
234,1395,146000,Nelspruit
235,422,148000,Bloemfontein
236,1048,100000,Cape Town
237,575,56000,Bloemfontein
238,1612,43000,Potchefstroom
239,1431,63000,Nelspruit
240,779,106000,Cape Town
241,1590,134000,Potchefstroom
242,853,127000,Cape Town
243,1302,124000,Nelspruit
244,722,85000,Cape Town
245,599,13000,Bloemfontein
246,193,30000,Sandton
247,1396,39000,Nelspruit
248,1408,123000,Nelspruit
249,1459,110000,Potchefstroom
250,1181,92000,Nelspruit
251,693,63000,Bloemfontein
252,144,68000,Sandton
253,197,74000,Sandton
254,535,93000,Bloemfontein
255,1617,133000,Potchefstroom
256,228,163000,Sandton
257,1675,138000,Potchefstroom
258,685,96000,Bloemfontein
259,1255,9000,Nelspruit
260,1120,74000,Nelspruit
261,944,81000,Cape Town
262,174,115000,Sandton
263,671,133000,Bloemfontein
264,1459,84000,Potchefstroom
265,916,83000,Cape Town
266,755,86000,Cape Town
267,24,77000,Sandton
268,1427,130000,Nelspruit
269,1514,114000,Potchefstroom
270,875,159000,Cape Town
271,381,154000,Bloemfontein
272,10,87000,Sandton
273,1367,21000,Nelspruit
274,1666,46000,Potchefstroom
275,1471,63000,Potchefstroom
276,1340,102000,Nelspruit
277,214,122000,Sandton
278,736,134000,Cape Town
279,919,80000,Cape Town
280,1346,110000,Nelspruit
281,295,53000,Sandton
282,1131,101000,Nelspruit
283,870,113000,Cape Town
284,82,153000,Sandton
285,1106,120000,Nelspruit
286,990,97000,Cape Town
287,1060,10000,Cape Town
288,209,27000,Sandton
289,588,88000,Bloemfontein
290,1329,120000,Nelspruit
291,436,122000,Bloemfontein
292,1673,125000,Potchefstroom
293,1506,86000,Potchefstroom
294,378,111000,Bloemfontein
295,753,50000,Cape Town
296,1081,92000,Nelspruit
297,515,118000,Bloemfontein
298,962,100000,Cape Town
299,203,81000,Sandton
300,123,91000,Sandton
301,495,29000,Bloemfontein
302,187,21000,Sandton
303,17,68000,Sandton
304,774,85000,Cape Town
305,1280,94000,Nelspruit
306,379,118000,Bloemfontein
307,1458,74000,Potchefstroom
308,1165,83000,Nelspruit
309,233,61000,Sandton
310,75,80000,Sandton
311,678,129000,Bloemfontein
312,251,107000,Sandton
313,821,102000,Cape Town
314,493,89000,Bloemfontein
315,729,28000,Cape Town
316,40,37000,Sandton
317,992,82000,Cape Town
318,147,77000,Sandton
319,442,108000,Bloemfontein
320,255,121000,Sandton
321,275,74000,Sandton
322,1480,92000,Potchefstroom
323,742,66000,Cape Town
324,606,97000,Bloemfontein
325,18,102000,Sandton
326,1363,82000,Nelspruit
327,390,130000,Bloemfontein
328,873,95000,Cape Town
329,320,18000,Sandton
330,1387,30000,Nelspruit
331,1261,49000,Nelspruit
332,1330,95000,Nelspruit
333,1042,96000,Cape Town
334,912,101000,Cape Town
335,295,81000,Sandton
336,24,32000,Sandton
337,676,57000,Bloemfontein
338,611,87000,Bloemfontein
339,1135,138000,Nelspruit
340,1694,120000,Potchefstroom
341,326,108000,Sandton
342,511,107000,Bloemfontein
343,262,16000,Sandton
344,147,33000,Sandton
345,759,43000,Cape Town
346,448,126000,Bloemfontein
347,1499,114000,Potchefstroom
348,1194,137000,Nelspruit
349,671,72000,Bloemfontein
350,1649,81000,Potchefstroom
351,46,100000,Sandton
352,422,123000,Bloemfontein
353,804,153000,Cape Town
354,926,123000,Cape Town
355,725,148000,Cape Town
356,1308,83000,Nelspruit
357,335,29000,Sandton
358,317,37000,Sandton
359,752,45000,Cape Town
360,343,127000,Sandton
361,96,124000,Sandton
362,1697,125000,Potchefstroom
363,88,50000,Sandton
364,1657,55000,Potchefstroom
365,1500,83000,Potchefstroom
366,388,110000,Bloemfontein
367,317,168000,Sandton
368,110,137000,Sandton
369,165,189000,Sandton
370,1513,95000,Potchefstroom
371,599,28000,Bloemfontein
372,809,24000,Cape Town
373,456,35000,Bloemfontein
374,557,135000,Bloemfontein
375,221,102000,Sandton
376,1182,113000,Nelspruit
377,1502,56000,Potchefstroom
378,1279,68000,Nelspruit
379,796,90000,Cape Town
380,1132,99000,Nelspruit
381,1681,191000,Potchefstroom
382,286,101000,Sandton
383,1296,161000,Nelspruit
384,618,86000,Bloemfontein
385,1133,20000,Nelspruit
386,280,45000,Sandton
387,53,53000,Sandton
388,629,138000,Bloemfontein
389,193,94000,Sandton
390,1447,122000,Potchefstroom
391,1580,53000,Potchefstroom
392,175,64000,Sandton
393,215,73000,Sandton
394,159,88000,Sandton
395,836,172000,Cape Town
396,213,87000,Sandton
397,888,133000,Cape Town
398,530,82000,Bloemfontein
399,347,19000,Sandton
400,718,37000,Bloemfontein
401,818,44000,Cape Town
402,332,119000,Sandton
403,7,97000,Sandton
404,1592,107000,Potchefstroom
405,670,60000,Bloemfontein
406,1046,71000,Cape Town
407,948,54000,Cape Town
408,687,113000,Bloemfontein
409,1239,140000,Nelspruit
410,1492,106000,Potchefstroom
411,88,141000,Sandton
412,1443,81000,Potchefstroom
413,514,17000,Bloemfontein
414,648,54000,Bloemfontein
415,1462,44000,Potchefstroom
416,1163,94000,Nelspruit
417,465,98000,Bloemfontein
418,581,100000,Bloemfontein
419,676,52000,Bloemfontein
420,1503,109000,Potchefstroom
421,1365,44000,Nelspruit
422,846,129000,Cape Town
423,1289,112000,Nelspruit
424,1359,136000,Nelspruit
425,471,148000,Bloemfontein
426,838,93000,Cape Town
427,1495,36000,Potchefstroom
428,1312,41000,Nelspruit
429,1323,75000,Nelspruit
430,1478,128000,Potchefstroom
431,1445,150000,Potchefstroom
432,10,118000,Sandton
433,1392,63000,Nelspruit
434,582,111000,Bloemfontein
435,614,43000,Bloemfontein
436,385,150000,Bloemfontein
437,1036,119000,Cape Town
438,1655,121000,Potchefstroom
439,170,147000,Sandton
440,1241,110000,Nelspruit
441,1680,17000,Potchefstroom
442,506,47000,Bloemfontein
443,948,66000,Cape Town
444,578,125000,Bloemfontein
445,771,112000,Cape Town
446,125,125000,Sandton
447,1404,50000,Nelspruit
448,348,84000,Sandton
449,1005,68000,Cape Town
450,801,131000,Cape Town
451,1089,140000,Nelspruit
452,898,139000,Cape Town
453,802,129000,Cape Town
454,201,105000,Sandton
455,1450,19000,Potchefstroom
456,1131,36000,Nelspruit
457,1286,73000,Nelspruit
458,361,115000,Bloemfontein
459,1303,126000,Nelspruit
460,1434,127000,Potchefstroom
461,204,53000,Sandton
462,1421,92000,Nelspruit
463,278,60000,Sandton
464,1128,117000,Nelspruit
465,154,100000,Sandton
466,981,119000,Cape Town
467,672,144000,Bloemfontein
468,1453,95000,Potchefstroom
469,599,29000,Bloemfontein
470,1620,27000,Potchefstroom
471,1456,83000,Potchefstroom
472,724,104000,Cape Town
473,63,156000,Sandton
474,174,146000,Sandton
475,253,85000,Sandton
476,528,76000,Bloemfontein
477,490,65000,Bloemfontein
478,375,88000,Bloemfontein
479,895,149000,Cape Town
480,106,142000,Sandton
481,1442,128000,Potchefstroom
482,448,88000,Bloemfontein
483,409,33000,Bloemfontein
484,330,46000,Sandton
485,1452,100000,Potchefstroom
486,1307,129000,Nelspruit
487,1421,140000,Nelspruit
488,642,146000,Bloemfontein
489,331,86000,Sandton
490,551,89000,Bloemfontein
491,1097,69000,Nelspruit
492,444,106000,Bloemfontein
493,229,147000,Sandton
494,447,132000,Bloemfontein
495,432,149000,Bloemfontein
496,365,83000,Bloemfontein
497,1301,36000,Nelspruit
498,1528,36000,Potchefstroom
499,693,80000,Bloemfontein
500,746,108000,Cape Town
501,166,133000,Sandton
502,812,124000,Cape Town
503,975,63000,Cape Town
504,208,77000,Sandton
505,848,90000,Cape Town
506,182,138000,Sandton
507,1307,169000,Nelspruit
508,853,155000,Cape Town
509,984,145000,Cape Town
510,1140,75000,Nelspruit
511,1037,39000,Cape Town
512,258,47000,Sandton
513,96,76000,Sandton
514,603,93000,Bloemfontein
515,1479,126000,Potchefstroom
516,534,153000,Bloemfontein
517,828,88000,Cape Town
518,929,99000,Cape Town
519,355,105000,Sandton
520,1627,146000,Potchefstroom
521,1389,121000,Nelspruit
522,920,151000,Cape Town
523,1446,164000,Potchefstroom
524,1275,95000,Nelspruit
525,1130,31000,Nelspruit
526,613,37000,Bloemfontein
527,1014,56000,Cape Town
528,1458,107000,Potchefstroom
529,1312,97000,Nelspruit
530,277,130000,Sandton
531,306,103000,Sandton
532,1,106000,Sandton
533,896,71000,Cape Town
534,1425,142000,Nelspruit
535,116,145000,Sandton
536,437,154000,Bloemfontein
537,151,201000,Sandton
538,361,78000,Bloemfontein
539,1346,34000,Nelspruit
540,756,51000,Cape Town
541,520,52000,Bloemfontein
542,1208,124000,Nelspruit
543,1426,101000,Nelspruit
544,544,113000,Bloemfontein
545,1310,75000,Nelspruit
546,1578,101000,Potchefstroom
547,711,95000,Bloemfontein
548,1657,154000,Potchefstroom
549,915,165000,Cape Town
550,1589,175000,Potchefstroom
551,1410,203000,Nelspruit
552,1291,67000,Nelspruit
553,678,33000,Bloemfontein
554,1068,50000,Cape Town
555,761,44000,Cape Town
556,126,137000,Sandton
557,40,85000,Sandton
558,367,154000,Bloemfontein
559,1177,72000,Nelspruit
560,261,98000,Sandton
561,330,91000,Sandton
562,58,174000,Sandton
563,1621,180000,Potchefstroom
564,206,143000,Sandton
565,431,183000,Bloemfontein
566,472,94000,Bloemfontein
567,447,27000,Bloemfontein
568,287,69000,Sandton
569,1080,61000,Nelspruit
570,558,148000,Bloemfontein
571,540,118000,Bloemfontein
572,1480,183000,Potchefstroom
573,182,76000,Sandton
574,895,67000,Cape Town
575,393,80000,Bloemfontein
576,1437,160000,Potchefstroom
577,1511,210000,Potchefstroom
578,1525,158000,Potchefstroom
579,823,173000,Cape Town
580,1092,99000,Nelspruit
581,428,25000,Bloemfontein
582,913,51000,Cape Town
583,716,71000,Bloemfontein
584,1482,132000,Potchefstroom
585,601,118000,Bloemfontein
586,1340,168000,Nelspruit
587,1486,66000,Potchefstroom
588,386,99000,Bloemfontein
589,848,74000,Cape Town
590,592,151000,Bloemfontein
591,1630,193000,Potchefstroom
592,924,201000,Cape Town
593,154,196000,Sandton
594,887,70000,Cape Town
595,979,37000,Cape Town
596,1146,48000,Nelspruit
597,410,85000,Bloemfontein
598,918,163000,Cape Town
599,817,147000,Cape Town
600,412,197000,Bloemfontein
601,1286,78000,Nelspruit
602,909,133000,Cape Town
603,1182,78000,Nelspruit
604,1138,138000,Nelspruit
605,499,222000,Bloemfontein
606,1385,208000,Nelspruit
607,48,206000,Sandton
608,762,103000,Cape Town
609,1523,50000,Potchefstroom
610,153,62000,Sandton
611,974,101000,Cape Town
612,1607,204000,Potchefstroom
613,1667,166000,Potchefstroom
614,1684,209000,Potchefstroom
615,339,99000,Sandton
616,935,149000,Cape Town
617,1680,75000,Potchefstroom
618,305,169000,Sandton
619,986,249000,Cape Town
620,1346,235000,Nelspruit
621,1494,212000,Potchefstroom
622,298,126000,Sandton
623,178,46000,Sandton
624,719,69000,Bloemfontein
625,719,141000,Bloemfontein
626,118,177000,Sandton
627,339,146000,Sandton
628,266,231000,Sandton
629,391,112000,Bloemfontein
630,586,125000,Bloemfontein
631,1058,114000,Cape Town
632,224,176000,Sandton
633,294,281000,Sandton
634,1431,250000,Nelspruit
635,1117,217000,Nelspruit
636,684,158000,Bloemfontein
637,49,45000,Sandton
638,1007,48000,Cape Town
639,821,104000,Cape Town
640,661,222000,Bloemfontein
641,763,192000,Cape Town
642,1323,243000,Nelspruit
643,161,132000,Sandton
644,1568,146000,Potchefstroom
645,1595,106000,Potchefstroom
646,399,152000,Bloemfontein
647,9,316000,Sandton
648,1412,206000,Nelspruit
649,174,253000,Sandton
650,531,171000,Bloemfontein
651,1196,57000,Nelspruit
652,332,53000,Sandton
653,1237,106000,Nelspruit
654,365,202000,Bloemfontein
655,1032,203000,Cape Town
656,1425,189000,Nelspruit
657,91,156000,Sandton
658,61,95000,Sandton
659,1365,109000,Nelspruit
660,697,216000,Bloemfontein
661,8,323000,Sandton
662,737,253000,Cape Town
663,1594,318000,Potchefstroom
664,1070,173000,Cape Town
665,1090,66000,Nelspruit
666,355,83000,Sandton
667,118,132000,Sandton
668,1240,165000,Nelspruit
669,977,222000,Cape Town
670,1014,246000,Cape Town
671,1643,174000,Potchefstroom
672,566,109000,Bloemfontein
673,1312,135000,Nelspruit
674,2,234000,Sandton
675,143,331000,Sandton
676,1390,279000,Nelspruit
677,1356,372000,Nelspruit
678,144,179000,Sandton
679,107,78000,Sandton
680,1087,86000,Nelspruit
681,1623,123000,Potchefstroom
682,1163,209000,Nelspruit
683,1389,272000,Nelspruit
684,897,223000,Cape Town
685,1529,186000,Potchefstroom
686,190,146000,Sandton
687,1272,198000,Nelspruit
688,33,258000,Sandton
689,1238,363000,Nelspruit
690,1267,311000,Nelspruit
691,169,438000,Sandton
692,949,196000,Cape Town
693,665,100000,Bloemfontein
694,1197,85000,Nelspruit
695,1082,178000,Nelspruit
696,785,209000,Cape Town
697,807,293000,Cape Town
698,189,241000,Sandton
699,366,149000,Bloemfontein
700,129,167000,Sandton
701,52,152000,Sandton
702,167,288000,Sandton
703,794,406000,Cape Town
704,379,399000,Bloemfontein
705,1216,461000,Nelspruit
706,1361,239000,Nelspruit
707,892,80000,Cape Town
708,582,112000,Bloemfontein
709,1532,169000,Potchefstroom
710,396,242000,Bloemfontein
711,868,279000,Cape Town
712,156,282000,Sandton
713,613,180000,Bloemfontein
714,1469,160000,Potchefstroom
715,1074,213000,Cape Town
716,1059,366000,Cape Town
717,1621,506000,Potchefstroom
718,619,485000,Bloemfontein
719,1264,489000,Nelspruit
720,1325,269000,Nelspruit
721,39,79000,Sandton
722,1083,121000,Nelspruit
723,723,167000,Cape Town
724,1115,318000,Nelspruit
725,426,302000,Bloemfontein
726,305,325000,Sandton
727,642,205000,Bloemfontein
728,1259,145000,Nelspruit
729,1665,174000,Potchefstroom
730,967,366000,Cape Town
731,949,537000,Cape Town
732,78,450000,Sandton
733,88,479000,Sandton
734,999,282000,Cape Town
735,836,87000,Cape Town
736,1147,102000,Nelspruit
737,130,212000,Sandton
738,780,377000,Cape Town
739,1210,297000,Nelspruit
740,48,327000,Sandton
741,1289,214000,Nelspruit
742,1380,171000,Nelspruit
743,1162,207000,Nelspruit
744,421,300000,Bloemfontein
745,1164,553000,Nelspruit
746,68,495000,Sandton
747,1334,488000,Nelspruit
748,981,361000,Cape Town
749,1474,107000,Potchefstroom
750,1137,118000,Nelspruit
751,711,212000,Bloemfontein
752,141,382000,Sandton
753,947,355000,Cape Town
754,288,354000,Sandton
755,480,231000,Bloemfontein
756,486,197000,Bloemfontein
757,523,192000,Bloemfontein
758,1578,416000,Potchefstroom
759,16,730000,Sandton
760,466,551000,Bloemfontein
761,548,552000,Bloemfontein
762,532,378000,Bloemfontein
763,350,109000,Sandton
764,1269,126000,Nelspruit
765,1496,277000,Potchefstroom
766,1283,480000,Nelspruit
767,1651,409000,Potchefstroom
768,1666,393000,Potchefstroom
769,1292,261000,Nelspruit
770,1589,210000,Potchefstroom
771,1657,180000,Potchefstroom
772,1416,360000,Nelspruit
773,909,734000,Cape Town
774,1081,574000,Nelspruit
775,906,626000,Cape Town
776,1526,379000,Potchefstroom
777,1700,105000,Potchefstroom
778,276,94000,Sandton
779,1283,242000,Nelspruit
780,556,492000,Bloemfontein
781,1456,430000,Potchefstroom
782,1223,464000,Nelspruit
783,1002,294000,Cape Town
784,1534,196000,Potchefstroom
785,990,165000,Cape Town
786,933,395000,Cape Town
787,1340,764000,Nelspruit
788,1462,635000,Potchefstroom
789,675,698000,Bloemfontein
790,813,376000,Cape Town
791,39,119000,Sandton
792,1104,99000,Nelspruit
793,273,306000,Sandton
794,394,510000,Bloemfontein
795,1031,508000,Cape Town
796,602,498000,Bloemfontein
797,1279,286000,Nelspruit
798,754,210000,Cape Town
799,1611,229000,Potchefstroom
800,1291,400000,Nelspruit
801,944,738000,Cape Town
802,1117,647000,Nelspruit
803,523,730000,Bloemfontein
804,460,390000,Bloemfontein
805,1103,102000,Nelspruit
806,1243,118000,Nelspruit
807,867,245000,Cape Town
808,1669,550000,Potchefstroom
809,1654,474000,Potchefstroom
810,1147,510000,Nelspruit
811,215,309000,Sandton
812,1337,188000,Nelspruit
813,713,228000,Bloemfontein
814,471,425000,Bloemfontein
815,775,787000,Cape Town
816,293,668000,Sandton
817,988,816000,Cape Town
818,962,468000,Cape Town
819,417,115000,Bloemfontein
820,975,113000,Cape Town
821,264,297000,Sandton
822,258,481000,Sandton
823,268,497000,Sandton
824,867,513000,Cape Town
825,946,347000,Cape Town
826,607,184000,Bloemfontein
827,94,237000,Sandton
828,421,428000,Bloemfontein
829,396,810000,Bloemfontein
830,1531,699000,Potchefstroom
831,696,848000,Bloemfontein
832,129,471000,Sandton
833,1024,123000,Cape Town
834,1245,136000,Nelspruit
835,55,230000,Sandton
836,1256,463000,Nelspruit
837,466,492000,Bloemfontein
838,796,535000,Cape Town
839,906,335000,Cape Town
840,1243,186000,Nelspruit
841,686,227000,Bloemfontein
842,1383,542000,Nelspruit
843,1651,913000,Potchefstroom
844,507,733000,Bloemfontein
845,662,897000,Bloemfontein
846,56,549000,Sandton
847,755,136000,Cape Town
848,784,134000,Cape Town
849,594,244000,Bloemfontein
850,1075,535000,Cape Town
851,1051,483000,Cape Town
852,1607,588000,Potchefstroom
853,1170,347000,Nelspruit
854,792,195000,Cape Town
855,763,228000,Cape Town
856,1049,516000,Cape Town
857,1135,951000,Nelspruit
858,23,828000,Sandton
859,734,821000,Cape Town
860,847,546000,Cape Town
861,256,144000,Sandton
862,1632,132000,Potchefstroom
863,973,231000,Cape Town
864,1214,455000,Nelspruit
865,1221,471000,Nelspruit
866,1025,544000,Cape Town
867,1563,344000,Potchefstroom
868,1140,228000,Nelspruit
869,899,286000,Cape Town
870,53,564000,Sandton
871,566,999000,Bloemfontein
872,1150,757000,Nelspruit
873,1584,927000,Potchefstroom
874,164,536000,Sandton
875,1487,132000,Potchefstroom
876,1344,152000,Nelspruit
877,236,245000,Sandton
878,1037,522000,Cape Town
879,562,565000,Bloemfontein
880,86,605000,Sandton
881,340,323000,Sandton
882,1163,191000,Nelspruit
883,1166,296000,Nelspruit
884,1215,653000,Nelspruit
885,1223,956000,Nelspruit
886,1034,807000,Cape Town
887,1552,931000,Potchefstroom
888,957,544000,Cape Town
889,1335,151000,Nelspruit
890,1487,118000,Potchefstroom
891,1590,314000,Potchefstroom
892,337,608000,Sandton
893,1168,578000,Nelspruit
894,1227,623000,Nelspruit
895,793,364000,Cape Town
896,831,156000,Cape Town
897,539,240000,Bloemfontein
898,576,493000,Bloemfontein
899,1467,"1,011,000",Potchefstroom
900,999,704000,Cape Town
901,1358,827000,Nelspruit
902,1012,553000,Cape Town
903,1365,144000,Nelspruit
904,1354,159000,Nelspruit
905,482,293000,Bloemfontein
906,286,631000,Sandton
907,1000,550000,Cape Town
908,312,546000,Sandton
909,327,403000,Sandton
910,787,172000,Cape Town
911,1059,280000,Cape Town
912,1007,516000,Cape Town
913,87,931000,Sandton
914,27,699000,Sandton
915,1645,862000,Potchefstroom
916,1073,485000,Cape Town
917,223,115000,Sandton
918,508,117000,Bloemfontein
919,1657,301000,Potchefstroom
920,519,578000,Bloemfontein
921,195,538000,Sandton
922,1464,528000,Potchefstroom
923,185,399000,Sandton
924,1405,161000,Nelspruit
925,626,238000,Bloemfontein
926,1494,566000,Potchefstroom
927,1692,814000,Potchefstroom
928,1158,635000,Nelspruit
929,792,848000,Cape Town
930,641,526000,Bloemfontein
931,646,135000,Bloemfontein
932,360,152000,Bloemfontein
933,336,359000,Sandton
934,1521,630000,Potchefstroom
935,458,568000,Bloemfontein
936,1430,575000,Nelspruit
937,583,390000,Bloemfontein
938,440,213000,Bloemfontein
939,86,197000,Sandton
940,260,505000,Sandton
941,1121,789000,Nelspruit
942,9,707000,Sandton
943,1047,833000,Cape Town
944,227,516000,Sandton
945,1378,134000,Nelspruit
946,358,126000,Bloemfontein
947,1447,273000,Potchefstroom
948,888,579000,Cape Town
949,809,547000,Cape Town
950,841,598000,Cape Town
951,1197,385000,Nelspruit
952,192,197000,Sandton
953,31,158000,Sandton
954,473,414000,Bloemfontein
955,722,815000,Cape Town
956,159,743000,Sandton
957,475,808000,Bloemfontein
958,1272,489000,Nelspruit
959,988,134000,Cape Town
960,1693,93000,Potchefstroom
961,26,252000,Sandton
962,1368,615000,Nelspruit
963,168,546000,Sandton
964,1400,538000,Nelspruit
965,1642,408000,Potchefstroom
966,992,192000,Cape Town
967,1371,162000,Nelspruit
968,390,457000,Bloemfontein
969,698,718000,Bloemfontein
970,587,698000,Bloemfontein
971,119,811000,Sandton
972,669,530000,Bloemfontein
973,1640,141000,Potchefstroom
974,625,144000,Bloemfontein
975,1703,315000,Potchefstroom
976,658,601000,Bloemfontein
977,649,485000,Bloemfontein
978,1215,571000,Nelspruit
979,178,374000,Sandton
980,1509,158000,Potchefstroom
981,906,149000,Cape Town
982,1243,440000,Nelspruit
983,294,739000,Sandton
984,518,699000,Bloemfontein
985,394,879000,Bloemfontein
986,689,539000,Bloemfontein
987,418,173000,Bloemfontein
988,277,105000,Sandton
989,1402,306000,Nelspruit
990,320,578000,Sandton
991,797,529000,Cape Town
992,12,621000,Sandton
993,118,394000,Sandton
994,1269,205000,Nelspruit
995,316,149000,Sandton
996,1264,456000,Nelspruit
997,775,750000,Cape Town
998,779,693000,Cape Town
999,179,877000,Sandton
1000,531,476000,Bloemfontein
1001,1614,157000,Potchefstroom
1002,794,143000,Cape Town
1003,927,297000,Cape Town
1004,1106,576000,Nelspruit
1005,1333,557000,Nelspruit
1006,493,577000,Bloemfontein
1007,859,378000,Cape Town
1008,223,182000,Sandton
1009,640,204000,Bloemfontein
1010,194,507000,Sandton
1011,1556,803000,Potchefstroom
1012,118,704000,Sandton
1013,983,788000,Cape Town
1014,1033,509000,Cape Town
1015,392,152000,Bloemfontein
1016,1439,148000,Potchefstroom
1017,480,348000,Bloemfontein
1018,235,525000,Sandton
1019,539,530000,Bloemfontein
1020,1409,630000,Nelspruit
1021,1104,355000,Nelspruit
1022,922,205000,Cape Town
1023,1561,196000,Potchefstroom
1024,272,460000,Sandton
1025,1114,812000,Nelspruit
1026,379,648000,Bloemfontein
1027,26,752000,Sandton
1028,1055,503000,Cape Town
1029,1004,145000,Cape Town
1030,1425,99000,Nelspruit
1031,306,371000,Sandton
1032,175,542000,Sandton
1033,1592,520000,Potchefstroom
1034,157,608000,Sandton
1035,633,318000,Bloemfontein
1036,549,190000,Bloemfontein
1037,1059,205000,Cape Town
1038,1018,510000,Cape Town
1039,1161,849000,Nelspruit
1040,352,709000,Sandton
1041,1691,784000,Potchefstroom
1042,1228,533000,Nelspruit
1043,1464,140000,Potchefstroom
1044,702,134000,Bloemfontein
1045,474,329000,Bloemfontein
1046,1531,514000,Potchefstroom
1047,743,514000,Cape Town
1048,95,589000,Sandton
1049,516,362000,Bloemfontein
1050,1175,175000,Nelspruit
1051,1315,241000,Nelspruit
1052,1395,481000,Nelspruit
1053,1557,866000,Potchefstroom
1054,625,641000,Bloemfontein
1055,685,710000,Bloemfontein
1056,34,491000,Sandton
1057,1224,137000,Nelspruit
1058,663,115000,Bloemfontein
1059,604,324000,Bloemfontein
1060,214,571000,Sandton
1061,1096,505000,Nelspruit
1062,939,578000,Cape Town
1063,1459,355000,Potchefstroom
1064,1000,161000,Cape Town
1065,795,196000,Cape Town
1066,1250,455000,Nelspruit
1067,114,857000,Sandton
1068,1283,602000,Nelspruit
1069,823,779000,Cape Town
1070,219,496000,Sandton
1071,1679,148000,Potchefstroom
1072,1290,162000,Nelspruit
1073,3,354000,Sandton
1074,1551,559000,Potchefstroom
1075,1536,485000,Potchefstroom
1076,1369,588000,Nelspruit
1077,231,382000,Sandton
1078,1339,184000,Nelspruit
1079,946,180000,Cape Town
1080,427,451000,Bloemfontein
1081,1391,749000,Nelspruit
1082,653,693000,Bloemfontein
1083,1338,685000,Nelspruit
1084,774,505000,Cape Town
1085,1123,148000,Nelspruit
1086,939,151000,Cape Town
1087,1236,297000,Nelspruit
1088,153,599000,Sandton
1089,24,528000,Sandton
1090,1539,596000,Potchefstroom
1091,1472,388000,Potchefstroom
1092,826,166000,Cape Town
1093,1361,164000,Nelspruit
1094,1034,423000,Cape Town
1095,997,761000,Cape Town
1096,1498,600000,Potchefstroom
1097,728,757000,Cape Town
1098,670,524000,Bloemfontein
1099,635,159000,Bloemfontein
1100,97,171000,Sandton
1101,493,312000,Bloemfontein
1102,1645,688000,Potchefstroom
1103,881,543000,Cape Town
1104,728,596000,Cape Town
1105,1640,403000,Potchefstroom
1106,448,219000,Bloemfontein
1107,328,163000,Sandton
1108,610,418000,Bloemfontein
1109,1052,682000,Cape Town
1110,629,665000,Bloemfontein
1111,1246,670000,Nelspruit
1112,988,468000,Cape Town
1113,1022,153000,Cape Town
1114,254,195000,Sandton
1115,1429,281000,Nelspruit
1116,86,645000,Sandton
1117,1639,541000,Potchefstroom
1118,1122,624000,Nelspruit
1119,482,422000,Bloemfontein
1120,1236,227000,Nelspruit
1121,45,134000,Sandton
1122,1418,443000,Nelspruit
1123,1331,727000,Nelspruit
1124,1330,649000,Nelspruit
1125,592,717000,Bloemfontein
1126,802,495000,Cape Town
1127,769,168000,Cape Town
1128,41,157000,Sandton
1129,2,322000,Sandton
1130,1347,713000,Nelspruit
1131,504,503000,Bloemfontein
1132,847,626000,Cape Town
1133,1336,445000,Nelspruit
1134,536,224000,Bloemfontein
1135,280,146000,Sandton
1136,84,392000,Sandton
1137,1397,682000,Nelspruit
1138,183,597000,Sandton
1139,3,668000,Sandton
1140,1347,492000,Nelspruit
1141,270,157000,Sandton
1142,1458,113000,Potchefstroom
1143,55,329000,Sandton
1144,547,670000,Bloemfontein
1145,5,436000,Sandton
1146,600,550000,Bloemfontein
1147,1622,416000,Potchefstroom
1148,81,263000,Sandton
1149,464,189000,Bloemfontein
1150,1270,462000,Nelspruit
1151,1281,649000,Nelspruit
1152,31,560000,Sandton
1153,524,631000,Bloemfontein
1154,1357,471000,Nelspruit
1155,615,172000,Bloemfontein
1156,1146,111000,Nelspruit
1157,307,307000,Sandton
1158,475,596000,Bloemfontein
1159,239,460000,Sandton
1160,526,521000,Bloemfontein
1161,934,387000,Cape Town
1162,932,230000,Cape Town
1163,997,150000,Cape Town
1164,218,474000,Sandton
1165,1442,699000,Potchefstroom
1166,608,581000,Bloemfontein
1167,664,575000,Bloemfontein
1168,598,404000,Bloemfontein
1169,1284,150000,Nelspruit
1170,544,96000,Bloemfontein
1171,663,250000,Bloemfontein
1172,1464,580000,Potchefstroom
1173,529,467000,Bloemfontein
1174,71,531000,Sandton
1175,966,349000,Cape Town
1176,1182,208000,Nelspruit
1177,1226,200000,Nelspruit
1178,167,480000,Sandton
1179,118,690000,Sandton
1180,1355,551000,Nelspruit
1181,635,563000,Bloemfontein
1182,1161,480000,Nelspruit
1183,464,130000,Bloemfontein
1184,1669,139000,Potchefstroom
1185,141,239000,Sandton
1186,142,559000,Sandton
1187,823,551000,Cape Town
1188,570,536000,Bloemfontein
1189,1375,377000,Nelspruit
1190,409,201000,Bloemfontein
1191,1217,184000,Nelspruit
1192,1469,489000,Potchefstroom
1193,771,626000,Cape Town
1194,24,478000,Sandton
1195,611,599000,Bloemfontein
1196,1166,428000,Nelspruit
1197,732,118000,Cape Town
1198,191,136000,Sandton
1199,617,264000,Bloemfontein
1200,1270,522000,Nelspruit
1201,324,502000,Sandton
1202,501,573000,Bloemfontein
1203,780,362000,Cape Town
1204,837,230000,Cape Town
1205,1230,186000,Nelspruit
1206,1054,439000,Cape Town
1207,1193,716000,Nelspruit
1208,169,512000,Sandton
1209,1637,579000,Potchefstroom
1210,359,495000,Bloemfontein
1211,769,118000,Cape Town
1212,33,151000,Sandton
1213,808,255000,Cape Town
1214,1035,481000,Cape Town
1215,75,414000,Sandton
1216,615,547000,Bloemfontein
1217,938,389000,Cape Town
1218,170,191000,Sandton
1219,1,180000,Sandton
1220,1025,439000,Cape Town
1221,944,645000,Cape Town
1222,19,548000,Sandton
1223,148,543000,Sandton
1224,661,456000,Bloemfontein
1225,1144,133000,Nelspruit
1226,1680,146000,Potchefstroom
1227,417,215000,Bloemfontein
1228,95,523000,Sandton
1229,892,391000,Cape Town
1230,229,554000,Sandton
1231,592,370000,Bloemfontein
1232,308,212000,Sandton
1233,167,168000,Sandton
1234,532,475000,Bloemfontein
1235,285,606000,Sandton
1236,391,532000,Bloemfontein
1237,120,590000,Sandton
1238,729,467000,Cape Town
1239,1207,171000,Nelspruit
1240,1528,127000,Potchefstroom
1241,95,246000,Sandton
1242,825,548000,Cape Town
1243,1402,516000,Nelspruit
1244,117,507000,Sandton
1245,50,336000,Sandton
1246,503,228000,Bloemfontein
1247,836,159000,Cape Town
1248,1688,446000,Potchefstroom
1249,156,581000,Sandton
1250,598,531000,Bloemfontein
1251,805,586000,Cape Town
1252,1037,410000,Cape Town
1253,96,184000,Sandton
1254,825,118000,Cape Town
1255,1041,239000,Cape Town
1256,300,553000,Sandton
1257,988,490000,Cape Town
1258,515,489000,Bloemfontein
1259,1138,308000,Nelspruit
1260,1336,235000,Nelspruit
1261,569,149000,Bloemfontein
1262,245,435000,Sandton
1263,1639,536000,Potchefstroom
1264,1507,534000,Potchefstroom
1265,622,574000,Bloemfontein
1266,478,389000,Bloemfontein
1267,993,168000,Cape Town
1268,440,121000,Bloemfontein
1269,1558,280000,Potchefstroom
1270,139,526000,Sandton
1271,138,490000,Sandton
1272,1508,559000,Potchefstroom
1273,1342,359000,Nelspruit
1274,49,244000,Sandton
1275,196,121000,Sandton
1276,855,460000,Cape Town
1277,329,504000,Sandton
1278,550,471000,Bloemfontein
1279,1065,583000,Cape Town
1280,292,386000,Sandton
1281,256,152000,Sandton
1282,855,114000,Cape Town
1283,276,296000,Sandton
1284,1606,481000,Potchefstroom
1285,1010,474000,Cape Town
1286,542,545000,Bloemfontein
1287,281,330000,Sandton
1288,1533,243000,Potchefstroom
1289,1603,147000,Potchefstroom
1290,967,368000,Cape Town
1291,28,560000,Sandton
1292,493,458000,Bloemfontein
1293,1019,508000,Cape Town
1294,1572,412000,Potchefstroom
1295,1173,162000,Nelspruit
1296,1191,82000,Nelspruit
1297,7,242000,Sandton
1298,1291,516000,Nelspruit
1299,941,419000,Cape Town
1300,1406,522000,Nelspruit
1301,1345,341000,Nelspruit
1302,50,196000,Sandton
1303,1592,160000,Potchefstroom
1304,1127,348000,Nelspruit
1305,625,617000,Bloemfontein
1306,1032,493000,Cape Town
1307,1319,562000,Nelspruit
1308,32,392000,Sandton
1309,916,120000,Cape Town
1310,499,105000,Bloemfontein
1311,197,252000,Sandton
1312,552,521000,Bloemfontein
1313,745,417000,Cape Town
1314,117,469000,Sandton
1315,616,343000,Bloemfontein
1316,262,206000,Sandton
1317,886,192000,Cape Town
1318,556,323000,Bloemfontein
1319,206,538000,Sandton
1320,922,490000,Cape Town
1321,854,509000,Cape Town
1322,1023,459000,Cape Town
1323,558,115000,Bloemfontein
1324,727,96000,Cape Town
1325,1231,269000,Nelspruit
1326,235,482000,Sandton
1327,1502,369000,Potchefstroom
1328,412,450000,Bloemfontein
1329,1635,312000,Potchefstroom
1330,1163,195000,Nelspruit
1331,431,155000,Bloemfontein
1332,59,368000,Sandton
1333,233,526000,Sandton
1334,870,476000,Cape Town
1335,287,475000,Sandton
1336,1666,404000,Potchefstroom
1337,975,97000,Cape Town
1338,743,69000,Cape Town
1339,845,262000,Cape Town
1340,316,444000,Sandton
1341,396,451000,Bloemfontein
1342,98,470000,Sandton
1343,809,328000,Cape Town
1344,1137,191000,Nelspruit
1345,1346,166000,Nelspruit
1346,716,436000,Bloemfontein
1347,918,528000,Cape Town
1348,628,479000,Bloemfontein
1349,1524,477000,Potchefstroom
1350,494,395000,Bloemfontein
1351,773,125000,Cape Town
1352,1003,107000,Cape Town
1353,1250,264000,Nelspruit
1354,814,436000,Cape Town
1355,1619,464000,Potchefstroom
1356,1106,470000,Nelspruit
1357,423,339000,Bloemfontein
1358,681,219000,Bloemfontein
1359,832,202000,Cape Town
1360,1193,405000,Nelspruit
1361,1254,561000,Nelspruit
1362,802,471000,Cape Town
1363,485,486000,Bloemfontein
1364,1372,410000,Nelspruit
1365,1028,131000,Cape Town
1366,54,95000,Sandton
1367,1547,256000,Potchefstroom
1368,492,431000,Bloemfontein
1369,677,462000,Bloemfontein
1370,433,479000,Bloemfontein
1371,1090,309000,Nelspruit
1372,932,198000,Cape Town
1373,114,151000,Sandton
1374,355,381000,Sandton
1375,602,511000,Bloemfontein
1376,295,500000,Sandton
1377,1155,493000,Nelspruit
1378,992,421000,Cape Town
1379,1487,128000,Potchefstroom
1380,844,103000,Cape Town
1381,1561,278000,Potchefstroom
1382,962,414000,Cape Town
1383,88,398000,Sandton
1384,705,461000,Bloemfontein
1385,369,310000,Bloemfontein
1386,361,187000,Bloemfontein
1387,196,160000,Sandton
1388,309,363000,Sandton
1389,555,544000,Bloemfontein
1390,34,421000,Sandton
1391,866,504000,Cape Town
1392,331,378000,Sandton
1393,763,149000,Cape Town
1394,372,124000,Bloemfontein
1395,1522,262000,Potchefstroom
1396,28,413000,Sandton
1397,124,341000,Sandton
1398,1148,444000,Nelspruit
1399,1234,299000,Nelspruit
1400,49,180000,Sandton
1401,552,161000,Bloemfontein
1402,559,380000,Bloemfontein
1403,1021,478000,Cape Town
1404,1456,426000,Potchefstroom
1405,1512,527000,Potchefstroom
1406,19,376000,Sandton
1407,645,135000,Bloemfontein
1408,330,94000,Sandton
1409,436,238000,Bloemfontein
1410,901,386000,Cape Town
1411,1469,381000,Potchefstroom
1412,1106,426000,Nelspruit
1413,1430,297000,Nelspruit
1414,436,143000,Bloemfontein
1415,874,146000,Cape Town
1416,385,418000,Bloemfontein
1417,1471,488000,Potchefstroom
1418,44,366000,Sandton
1419,309,449000,Sandton
1420,655,325000,Bloemfontein
1421,236,116000,Sandton
1422,548,106000,Bloemfontein
1423,1359,253000,Nelspruit
1424,137,427000,Sandton
1425,514,372000,Bloemfontein
1426,1430,398000,Nelspruit
1427,925,270000,Cape Town
1428,1239,226000,Nelspruit
1429,470,131000,Bloemfontein
1430,926,377000,Cape Town
1431,1202,492000,Nelspruit
1432,1444,421000,Potchefstroom
1433,1180,451000,Nelspruit
1434,915,353000,Cape Town
1435,665,106000,Bloemfontein
1436,410,79000,Bloemfontein
1437,131,239000,Sandton
1438,894,507000,Cape Town
1439,213,400000,Sandton
1440,1608,405000,Potchefstroom
1441,511,268000,Bloemfontein
1442,1388,170000,Nelspruit
1443,1259,123000,Nelspruit
1444,364,393000,Bloemfontein
1445,676,594000,Bloemfontein
1446,79,462000,Sandton
1447,1597,417000,Potchefstroom
1448,1205,364000,Nelspruit
1449,989,78000,Cape Town
1450,634,77000,Bloemfontein
1451,1106,239000,Nelspruit
1452,636,458000,Bloemfontein
1453,903,348000,Cape Town
1454,342,372000,Sandton
1455,1309,290000,Nelspruit
1456,1639,167000,Potchefstroom
1457,462,141000,Bloemfontein
1458,29,403000,Sandton
1459,224,479000,Sandton
1460,345,454000,Sandton
1461,1084,404000,Nelspruit
1462,1399,385000,Nelspruit
1463,466,91000,Bloemfontein
1464,545,37000,Bloemfontein
1465,441,211000,Bloemfontein
1466,170,421000,Sandton
1467,1214,307000,Nelspruit
1468,564,363000,Bloemfontein
1469,1613,302000,Potchefstroom
1470,246,195000,Sandton
1471,1239,132000,Nelspruit
1472,813,319000,Cape Town
1473,1222,437000,Nelspruit
1474,284,410000,Sandton
1475,764,424000,Cape Town
1476,1636,363000,Potchefstroom
1477,1468,97000,Potchefstroom
1478,680,73000,Bloemfontein
1479,637,210000,Bloemfontein
1480,486,445000,Bloemfontein
1481,499,303000,Bloemfontein
1482,925,355000,Cape Town
1483,1083,317000,Nelspruit
1484,545,186000,Bloemfontein
1485,1230,144000,Nelspruit
1486,1657,289000,Potchefstroom
1487,886,549000,Cape Town
1488,1547,411000,Potchefstroom
1489,706,399000,Bloemfontein
1490,800,339000,Cape Town
1491,492,97000,Bloemfontein
1492,1629,75000,Potchefstroom
1493,152,197000,Sandton
1494,985,435000,Cape Town
1495,510,305000,Bloemfontein
1496,694,398000,Bloemfontein
1497,197,272000,Sandton
1498,119,179000,Sandton
1499,883,106000,Cape Town
1500,1681,307000,Potchefstroom
1501,1202,514000,Nelspruit
1502,1330,409000,Nelspruit
1503,800,359000,Cape Town
1504,1587,359000,Potchefstroom
1505,630,82000,Bloemfontein
1506,1215,62000,Nelspruit
1507,1611,217000,Potchefstroom
1508,702,370000,Bloemfontein
1509,427,290000,Bloemfontein
1510,940,357000,Cape Town
1511,87,240000,Sandton
1512,766,169000,Cape Town
1513,912,97000,Cape Town
1514,1316,339000,Nelspruit
1515,1468,493000,Potchefstroom
1516,160,363000,Sandton
1517,1417,427000,Nelspruit
1518,148,318000,Sandton
1519,702,93000,Bloemfontein
1520,1677,88000,Potchefstroom
1521,1190,222000,Nelspruit
1522,980,292000,Cape Town
1523,177,304000,Sandton
1524,1687,346000,Potchefstroom
1525,1448,231000,Potchefstroom
1526,1238,179000,Nelspruit
1527,761,129000,Cape Town
1528,1188,366000,Nelspruit
1529,966,488000,Cape Town
1530,835,380000,Cape Town
1531,1323,458000,Nelspruit
1532,584,304000,Bloemfontein
1533,672,76000,Bloemfontein
1534,325,112000,Sandton
1535,32,184000,Sandton
1536,275,393000,Sandton
1537,504,317000,Bloemfontein
1538,737,354000,Cape Town
1539,107,244000,Sandton
1540,1155,173000,Nelspruit
1541,109,136000,Sandton
1542,731,378000,Cape Town
1543,900,418000,Cape Town
1544,112,351000,Sandton
1545,1662,401000,Potchefstroom
1546,39,347000,Sandton
1547,833,76000,Cape Town
1548,970,99000,Cape Town
1549,1592,224000,Potchefstroom
1550,1354,404000,Nelspruit
1551,408,316000,Bloemfontein
1552,895,332000,Cape Town
1553,961,252000,Cape Town
1554,797,151000,Cape Town
1555,1203,119000,Nelspruit
1556,734,325000,Cape Town
1557,1194,456000,Nelspruit
1558,1178,313000,Nelspruit
1559,776,337000,Cape Town
1560,136,284000,Sandton
1561,445,105000,Bloemfontein
1562,1397,88000,Nelspruit
1563,1644,165000,Potchefstroom
1564,217,357000,Sandton
1565,1217,273000,Nelspruit
1566,395,333000,Bloemfontein
1567,1211,264000,Nelspruit
1568,849,143000,Cape Town
1569,1252,84000,Nelspruit
1570,1644,302000,Potchefstroom
1571,442,496000,Bloemfontein
1572,902,311000,Cape Town
1573,1102,329000,Nelspruit
1574,654,253000,Bloemfontein
1575,294,84000,Sandton
1576,1504,75000,Potchefstroom
1577,1654,141000,Potchefstroom
1578,902,372000,Cape Town
1579,878,278000,Cape Town
1580,590,304000,Bloemfontein
1581,875,250000,Cape Town
1582,253,183000,Sandton
1583,1464,66000,Potchefstroom
1584,785,285000,Cape Town
1585,1667,386000,Potchefstroom
1586,832,268000,Cape Town
1587,1258,278000,Nelspruit
1588,401,289000,Bloemfontein
1589,1428,114000,Nelspruit
1590,1240,81000,Nelspruit
1591,252,130000,Sandton
1592,721,339000,Bloemfontein
1593,303,250000,Sandton
1594,1142,239000,Nelspruit
1595,548,203000,Bloemfontein
1596,257,172000,Sandton
1597,1128,98000,Nelspruit
1598,165,277000,Sandton
1599,1676,413000,Potchefstroom
1600,1416,312000,Nelspruit
1601,826,254000,Cape Town
1602,98,251000,Sandton
1603,221,97000,Sandton
1604,773,93000,Cape Town
1605,1588,140000,Potchefstroom
1606,339,348000,Sandton
1607,944,280000,Cape Town
1608,1265,293000,Nelspruit
1609,487,267000,Bloemfontein
1610,659,213000,Bloemfontein
1611,1265,105000,Nelspruit
1612,509,254000,Bloemfontein
1613,1072,342000,Cape Town
1614,65,288000,Sandton
1615,1419,265000,Nelspruit
1616,987,215000,Cape Town
1617,1138,95000,Nelspruit
1618,1392,68000,Nelspruit
1619,85,136000,Sandton
1620,894,354000,Cape Town
1621,1293,250000,Nelspruit
1622,1611,258000,Potchefstroom
1623,715,224000,Bloemfontein
1624,494,257000,Bloemfontein
1625,403,89000,Bloemfontein
1626,888,266000,Cape Town
1627,912,350000,Cape Town
1628,717,228000,Bloemfontein
1629,1054,275000,Cape Town
1630,152,218000,Sandton
1631,966,79000,Cape Town
1632,1233,83000,Nelspruit
1633,1404,116000,Nelspruit
1634,101,350000,Sandton
1635,1272,294000,Nelspruit
1636,853,297000,Cape Town
1637,1334,191000,Nelspruit
1638,46,193000,Sandton
1639,383,84000,Bloemfontein
1640,125,241000,Sandton
1641,843,313000,Cape Town
1642,257,240000,Sandton
1643,1237,276000,Nelspruit
1644,108,252000,Sandton
1645,1068,84000,Cape Town
1646,1042,37000,Cape Town
1647,336,197000,Sandton
1648,926,334000,Cape Town
1649,294,234000,Sandton
1650,1572,278000,Potchefstroom
1651,730,203000,Cape Town
1652,1584,188000,Potchefstroom
1653,364,75000,Bloemfontein
1654,968,226000,Cape Town
1655,1221,282000,Nelspruit
1656,1299,257000,Nelspruit
1657,308,292000,Sandton
1658,596,242000,Bloemfontein
1659,1677,122000,Potchefstroom
1660,970,62000,Cape Town
1661,856,174000,Cape Town
1662,202,297000,Sandton
1663,995,225000,Cape Town
1664,1014,237000,Cape Town
1665,655,234000,Bloemfontein
1666,28,141000,Sandton
1667,1661,81000,Potchefstroom
1668,1603,201000,Potchefstroom
1669,233,357000,Sandton
1670,1101,205000,Nelspruit
1671,899,285000,Cape Town
1672,430,266000,Bloemfontein
1673,1337,110000,Nelspruit
1674,189,60000,Sandton
1675,464,182000,Bloemfontein
1676,1136,284000,Nelspruit
1677,1281,226000,Nelspruit
1678,1288,214000,Nelspruit
1679,198,173000,Sandton
1680,47,128000,Sandton
1681,306,85000,Sandton
1682,1428,241000,Nelspruit
1683,1500,362000,Potchefstroom
1684,1037,282000,Cape Town
1685,719,249000,Bloemfontein
1686,1135,222000,Nelspruit
1687,210,97000,Sandton
1688,839,75000,Cape Town
1689,66,143000,Sandton
1690,1468,302000,Potchefstroom
1691,1405,240000,Nelspruit
1692,504,297000,Bloemfontein
1693,392,212000,Bloemfontein
1694,1062,157000,Cape Town
1695,1002,93000,Cape Town
1696,459,255000,Bloemfontein
1697,677,319000,Bloemfontein
1698,378,270000,Bloemfontein
1699,1379,272000,Nelspruit
1700,948,229000,Cape Town
1701,556,100000,Bloemfontein
1702,113,80000,Sandton
1703,1233,141000,Nelspruit
1704,1620,294000,Potchefstroom
1705,645,235000,Bloemfontein
1706,774,253000,Cape Town
1707,375,170000,Bloemfontein
1708,989,174000,Cape Town
