ID,Identifier,Unemployed,Education
1,137,91000,High School
2,1091,175000,Diploma
3,743,194000,Masters
4,118,201000,High School
5,646,207000,Bachelors
6,143,101000,High School
7,1340,33000,Diploma
8,1091,38000,Diploma
9,256,90000,High School
10,667,142000,Bachelors
11,967,180000,Masters
12,371,157000,Bachelors
13,1490,71000,Certificate
14,40,82000,High School
15,388,90000,Bachelors
16,667,154000,Bachelors
17,1267,176000,Diploma
18,1126,184000,Diploma
19,345,186000,High School
20,916,98000,Masters
21,390,38000,Bachelors
22,1541,54000,Certificate
23,1230,114000,Diploma
24,188,119000,High School
25,1039,170000,Masters
26,407,173000,Bachelors
27,632,94000,Bachelors
28,752,85000,Masters
29,1250,114000,Diploma
30,929,137000,Masters
31,926,195000,Masters
32,729,211000,Masters
33,1555,223000,Certificate
34,310,115000,High School
35,363,32000,Bachelors
36,852,53000,Masters
37,986,113000,Masters
38,716,102000,Bachelors
39,1120,141000,Diploma
40,345,152000,High School
41,1084,101000,Diploma
42,962,72000,Masters
43,665,86000,Bachelors
44,536,125000,Bachelors
45,767,191000,Masters
46,1142,206000,Diploma
47,76,181000,High School
48,899,93000,Masters
49,96,31000,High School
50,682,53000,Bachelors
51,732,114000,Masters
52,555,151000,Bachelors
53,245,172000,High School
54,1363,160000,Diploma
55,229,90000,High School
56,451,80000,Bachelors
57,342,87000,High School
58,385,106000,Bachelors
59,766,183000,Masters
60,1581,173000,Certificate
61,323,159000,High School
62,208,87000,High School
63,1577,22000,Certificate
64,891,44000,Masters
65,1358,99000,Diploma
66,1681,149000,Certificate
67,370,144000,Bachelors
68,422,178000,Bachelors
69,1239,74000,Diploma
70,312,71000,High School
71,343,74000,High School
72,642,109000,Bachelors
73,1220,162000,Diploma
74,363,146000,Bachelors
75,366,171000,Bachelors
76,1416,64000,Diploma
77,676,37000,Bachelors
78,583,47000,Bachelors
79,781,73000,Masters
80,1225,114000,Diploma
81,349,114000,High School
82,485,150000,Bachelors
83,999,58000,Masters
84,473,89000,Bachelors
85,446,79000,Bachelors
86,815,110000,Masters
87,1451,139000,Certificate
88,361,164000,Bachelors
89,1050,181000,Masters
90,589,56000,Bachelors
91,956,36000,Masters
92,1066,39000,Masters
93,1592,72000,Certificate
94,792,156000,Masters
95,151,115000,High School
96,684,123000,Bachelors
97,1416,81000,Diploma
98,1656,86000,Certificate
99,1279,69000,Diploma
100,603,142000,Bachelors
101,1381,141000,Diploma
102,751,157000,Masters
103,557,163000,Bachelors
104,265,82000,High School
105,816,25000,Masters
106,1551,47000,Certificate
107,182,57000,High School
108,875,151000,Masters
109,1232,137000,Diploma
110,919,130000,Masters
111,998,85000,Masters
112,90,101000,High School
113,1134,64000,Diploma
114,344,127000,High School
115,496,161000,Bachelors
116,520,152000,Bachelors
117,1106,146000,Diploma
118,689,83000,Bachelors
119,84,36000,High School
120,1352,41000,Diploma
121,75,55000,High School
122,1598,163000,Certificate
123,1382,149000,Diploma
124,1442,152000,Certificate
125,283,80000,High School
126,800,96000,Masters
127,764,51000,Masters
128,783,102000,Masters
129,1066,152000,Masters
130,2,137000,High School
131,848,195000,Masters
132,1452,90000,Certificate
133,477,41000,Bachelors
134,560,48000,Bachelors
135,1553,56000,Certificate
136,1001,150000,Masters
137,1268,156000,Diploma
138,435,120000,Bachelors
139,1003,69000,Masters
140,1100,94000,Diploma
141,713,53000,Bachelors
142,494,97000,Bachelors
143,454,137000,Bachelors
144,1052,151000,Masters
145,860,197000,Masters
146,460,82000,Bachelors
147,669,37000,Bachelors
148,647,28000,Bachelors
149,1390,65000,Diploma
150,1184,140000,Diploma
151,481,129000,Bachelors
152,500,131000,Bachelors
153,1435,82000,Certificate
154,677,62000,Bachelors
155,566,62000,Bachelors
156,145,93000,High School
157,1647,164000,Certificate
158,293,150000,High School
159,1371,190000,Diploma
160,1203,104000,Diploma
161,121,20000,High School
162,547,30000,Bachelors
163,714,56000,Bachelors
164,1342,131000,Diploma
165,630,112000,Bachelors
166,1586,116000,Certificate
167,1007,73000,Masters
168,801,64000,Masters
169,434,34000,Bachelors
170,1044,126000,Masters
171,1335,141000,Diploma
172,1685,105000,Certificate
173,1304,162000,Diploma
174,831,102000,Masters
175,1334,35000,Diploma
176,663,39000,Bachelors
177,223,27000,High School
178,1543,92000,Certificate
179,1513,134000,Certificate
180,1005,110000,Masters
181,964,85000,Masters
182,349,61000,High School
183,1076,68000,Masters
184,1503,135000,Certificate
185,941,190000,Masters
186,1153,123000,Diploma
187,1303,182000,Diploma
188,1606,95000,Certificate
189,1219,21000,Diploma
190,191,26000,High School
191,1462,75000,Certificate
192,558,132000,Bachelors
193,928,150000,Masters
194,186,124000,High School
195,1041,69000,Masters
196,839,61000,Masters
197,856,84000,Masters
198,381,140000,Bachelors
199,868,134000,Masters
200,386,171000,Bachelors
201,1658,163000,Certificate
202,166,84000,High School
203,977,20000,Masters
204,378,40000,Bachelors
205,919,52000,Masters
206,85,137000,High School
207,298,138000,High School
208,1114,119000,Diploma
209,1510,60000,Certificate
210,869,54000,Masters
211,50,97000,High School
212,111,174000,High School
213,1372,155000,Diploma
214,357,140000,Bachelors
215,1300,141000,Diploma
216,1346,113000,Diploma
217,459,23000,Bachelors
218,624,28000,Bachelors
219,335,71000,High School
220,787,135000,Masters
221,754,157000,Masters
222,1613,98000,Certificate
223,1183,59000,Diploma
224,1518,54000,Certificate
225,1320,66000,Diploma
226,1398,125000,Diploma
227,1356,137000,Diploma
228,199,158000,High School
229,1457,178000,Certificate
230,295,81000,High School
231,718,12000,Bachelors
232,255,45000,High School
233,1072,54000,Masters
234,1513,146000,Certificate
235,988,148000,Masters
236,513,100000,Bachelors
237,445,56000,Bachelors
238,434,43000,Bachelors
239,544,63000,Bachelors
240,278,106000,High School
241,910,134000,Masters
242,6,127000,High School
243,514,124000,Bachelors
244,50,85000,High School
245,1248,13000,Diploma
246,1397,30000,Diploma
247,1168,39000,Diploma
248,1162,123000,Diploma
249,64,110000,High School
250,321,92000,High School
251,459,63000,Bachelors
252,1213,68000,Diploma
253,77,74000,High School
254,1204,93000,Diploma
255,16,133000,High School
256,22,163000,High School
257,919,138000,Masters
258,1474,96000,Certificate
259,390,9000,Bachelors
260,1122,74000,Diploma
261,1613,81000,Certificate
262,538,115000,Bachelors
263,579,133000,Bachelors
264,487,84000,Bachelors
265,563,83000,Bachelors
266,861,86000,Masters
267,381,77000,Bachelors
268,567,130000,Bachelors
269,926,114000,Masters
270,1585,159000,Certificate
271,864,154000,Masters
272,865,87000,Masters
273,1488,21000,Certificate
274,1341,46000,Diploma
275,166,63000,High School
276,1684,102000,Certificate
277,1082,122000,Diploma
278,351,134000,High School
279,21,80000,High School
280,983,110000,Masters
281,1506,53000,Certificate
282,1222,101000,Diploma
283,687,113000,Bachelors
284,1054,153000,Masters
285,481,120000,Bachelors
286,1455,97000,Certificate
287,1593,10000,Certificate
288,1586,27000,Certificate
289,836,88000,Masters
290,847,120000,Masters
291,1242,122000,Diploma
292,1520,125000,Certificate
293,520,86000,Bachelors
294,69,111000,High School
295,1161,50000,Diploma
296,1,92000,High School
297,679,118000,Bachelors
298,373,100000,Bachelors
299,175,81000,High School
300,1122,91000,Diploma
301,899,29000,Masters
302,1204,21000,Diploma
303,367,68000,Bachelors
304,301,85000,High School
305,493,94000,Bachelors
306,399,118000,Bachelors
307,644,74000,Bachelors
308,1385,83000,Diploma
309,78,61000,High School
310,891,80000,Masters
311,689,129000,Bachelors
312,1133,107000,Diploma
313,1230,102000,Diploma
314,631,89000,Bachelors
315,816,28000,Masters
316,1358,37000,Diploma
317,75,82000,High School
318,1303,77000,Diploma
319,1188,108000,Diploma
320,196,121000,High School
321,767,74000,Masters
322,1428,92000,Diploma
323,1514,66000,Certificate
324,250,97000,High School
325,766,102000,Masters
326,393,82000,Bachelors
327,1235,130000,Diploma
328,1140,95000,Diploma
329,174,18000,High School
330,1055,30000,Masters
331,927,49000,Masters
332,748,95000,Masters
333,35,96000,High School
334,1512,101000,Certificate
335,426,81000,Bachelors
336,1038,32000,Masters
337,934,57000,Masters
338,916,87000,Masters
339,1025,138000,Masters
340,1631,120000,Certificate
341,732,108000,Masters
342,1670,107000,Certificate
343,260,16000,High School
344,348,33000,High School
345,953,43000,Masters
346,1391,126000,Diploma
347,1211,114000,Diploma
348,1447,137000,Certificate
349,311,72000,High School
350,116,81000,High School
351,131,100000,High School
352,1019,123000,Masters
353,967,153000,Masters
354,272,123000,High School
355,1569,148000,Certificate
356,360,83000,Bachelors
357,1284,29000,Diploma
358,1206,37000,Diploma
359,1414,45000,Diploma
360,1445,127000,Certificate
361,12,124000,High School
362,470,125000,Bachelors
363,72,50000,High School
364,969,55000,Masters
365,1521,83000,Certificate
366,376,110000,Bachelors
367,1384,168000,Diploma
368,787,137000,Masters
369,616,189000,Bachelors
370,207,95000,High School
371,278,28000,High School
372,789,24000,Masters
373,548,35000,Bachelors
374,677,135000,Bachelors
375,1447,102000,Certificate
376,446,113000,Bachelors
377,735,56000,Masters
378,1482,68000,Certificate
379,1544,90000,Certificate
380,390,99000,Bachelors
381,463,191000,Bachelors
382,417,101000,Bachelors
383,1219,161000,Diploma
384,839,86000,Masters
385,323,20000,High School
386,417,45000,Bachelors
387,1150,53000,Diploma
388,1232,138000,Diploma
389,257,94000,High School
390,811,122000,Masters
391,538,53000,Bachelors
392,855,64000,Masters
393,1380,73000,Diploma
394,461,88000,Bachelors
395,1029,172000,Masters
396,579,87000,Bachelors
397,554,133000,Bachelors
398,152,82000,High School
399,487,19000,Bachelors
400,912,37000,Masters
401,620,44000,Bachelors
402,317,119000,High School
403,1075,97000,Masters
404,812,107000,Masters
405,1581,60000,Certificate
406,592,71000,Bachelors
407,99,54000,High School
408,917,113000,Masters
409,142,140000,High School
410,1484,106000,Certificate
411,703,141000,Bachelors
412,228,81000,High School
413,58,17000,High School
414,677,54000,Bachelors
415,315,44000,High School
416,56,94000,High School
417,123,98000,High School
418,1212,100000,Diploma
419,595,52000,Bachelors
420,1486,109000,Certificate
421,982,44000,Masters
422,323,129000,High School
423,969,112000,Masters
424,5,136000,High School
425,13,148000,High School
426,1155,93000,Diploma
427,1151,36000,Diploma
428,561,41000,Bachelors
429,781,75000,Masters
430,1675,128000,Certificate
431,1601,150000,Certificate
432,263,118000,High School
433,1658,63000,Certificate
434,1118,111000,Diploma
435,894,43000,Masters
436,374,150000,Bachelors
437,476,119000,Bachelors
438,1680,121000,Certificate
439,514,147000,Bachelors
440,1019,110000,Masters
441,1432,17000,Diploma
442,1528,47000,Certificate
443,346,66000,High School
444,810,125000,Masters
445,307,112000,High School
446,903,125000,Masters
447,157,50000,High School
448,458,84000,Bachelors
449,1546,68000,Certificate
450,1665,131000,Certificate
451,732,140000,Masters
452,743,139000,Masters
453,1471,129000,Certificate
454,558,105000,Bachelors
455,775,19000,Masters
456,771,36000,Masters
457,1638,73000,Certificate
458,994,115000,Masters
459,870,126000,Masters
460,793,127000,Masters
461,1019,53000,Masters
462,1312,92000,Diploma
463,1537,60000,Certificate
464,574,117000,Bachelors
465,288,100000,High School
466,922,119000,Masters
467,841,144000,Masters
468,987,95000,Masters
469,1632,29000,Certificate
470,64,27000,High School
471,1146,83000,Diploma
472,1363,104000,Diploma
473,1608,156000,Certificate
474,431,146000,Bachelors
475,543,85000,Bachelors
476,403,76000,Bachelors
477,543,65000,Bachelors
478,971,88000,Masters
479,139,149000,High School
480,1267,142000,Diploma
481,830,128000,Masters
482,1457,88000,Certificate
483,1466,33000,Certificate
484,36,46000,High School
485,1523,100000,Certificate
486,1153,129000,Diploma
487,1065,140000,Masters
488,865,146000,Masters
489,1683,86000,Certificate
490,180,89000,High School
491,838,69000,Masters
492,1428,106000,Diploma
493,1322,147000,Diploma
494,1426,132000,Diploma
495,538,149000,Bachelors
496,415,83000,Bachelors
497,136,36000,High School
498,752,36000,Masters
499,498,80000,Bachelors
500,576,108000,Bachelors
501,1268,133000,Diploma
502,651,124000,Bachelors
503,134,63000,High School
504,1078,77000,Diploma
505,1210,90000,Diploma
506,71,138000,High School
507,1614,169000,Certificate
508,1354,155000,Diploma
509,64,145000,High School
510,318,75000,High School
511,1586,39000,Certificate
512,1627,47000,Certificate
513,1001,76000,Masters
514,513,93000,Bachelors
515,186,126000,High School
516,102,153000,High School
517,228,88000,High School
518,1429,99000,Diploma
519,1038,105000,Masters
520,1491,146000,Certificate
521,500,121000,Bachelors
522,302,151000,High School
523,1225,164000,Diploma
524,1409,95000,Diploma
525,588,31000,Bachelors
526,95,37000,High School
527,1320,56000,Diploma
528,396,107000,Bachelors
529,1372,97000,Diploma
530,817,130000,Masters
531,1480,103000,Certificate
532,1058,106000,Masters
533,1599,71000,Certificate
534,578,142000,Bachelors
535,269,145000,High School
536,273,154000,High School
537,698,201000,Bachelors
538,880,78000,Masters
539,482,34000,Bachelors
540,1398,51000,Diploma
541,574,52000,Bachelors
542,1145,124000,Diploma
543,1462,101000,Certificate
544,822,113000,Masters
545,1631,75000,Certificate
546,1699,101000,Certificate
547,497,95000,Bachelors
548,162,154000,High School
549,366,165000,Bachelors
550,726,175000,Masters
551,488,203000,Bachelors
552,779,67000,Masters
553,589,33000,Bachelors
554,1492,50000,Certificate
555,730,44000,Masters
556,720,137000,Bachelors
557,1148,85000,Diploma
558,358,154000,Bachelors
559,744,72000,Masters
560,1101,98000,Diploma
561,1639,91000,Certificate
562,972,174000,Masters
563,457,180000,Bachelors
564,368,143000,Bachelors
565,640,183000,Bachelors
566,1468,94000,Certificate
567,645,27000,Bachelors
568,1057,69000,Masters
569,1211,61000,Diploma
570,992,148000,Masters
571,21,118000,High School
572,957,183000,Masters
573,1128,76000,Diploma
574,380,67000,Bachelors
575,794,80000,Masters
576,887,160000,Masters
577,12,210000,High School
578,507,158000,Bachelors
579,318,173000,High School
580,358,99000,Bachelors
581,1578,25000,Certificate
582,289,51000,High School
583,80,71000,High School
584,1239,132000,Diploma
585,957,118000,Masters
586,630,168000,Bachelors
587,1431,66000,Diploma
588,514,99000,Bachelors
589,50,74000,High School
590,1107,151000,Diploma
591,1164,193000,Diploma
592,580,201000,Bachelors
593,1356,196000,Diploma
594,233,70000,High School
595,324,37000,High School
596,793,48000,Masters
597,1062,85000,Masters
598,1221,163000,Diploma
599,1683,147000,Certificate
600,1701,197000,Certificate
601,1070,78000,Masters
602,17,133000,High School
603,352,78000,High School
604,1497,138000,Certificate
605,704,222000,Bachelors
606,402,208000,Bachelors
607,1452,206000,Certificate
608,1473,103000,Certificate
609,676,50000,Bachelors
610,1529,62000,Certificate
611,652,101000,Bachelors
612,1337,204000,Diploma
613,261,166000,High School
614,1626,209000,Certificate
615,253,99000,High School
616,103,149000,High School
617,687,75000,Bachelors
618,308,169000,High School
619,1054,249000,Masters
620,984,235000,Masters
621,131,212000,High School
622,634,126000,Bachelors
623,1207,46000,Diploma
624,1284,69000,Diploma
625,1557,141000,Certificate
626,724,177000,Masters
627,748,146000,Masters
628,588,231000,Bachelors
629,1544,112000,Certificate
630,548,125000,Bachelors
631,990,114000,Masters
632,125,176000,High School
633,1280,281000,Diploma
634,99,250000,High School
635,715,217000,Bachelors
636,467,158000,Bachelors
637,506,45000,Bachelors
638,1597,48000,Certificate
639,72,104000,High School
640,1044,222000,Masters
641,1259,192000,Diploma
642,1607,243000,Certificate
643,337,132000,High School
644,262,146000,High School
645,602,106000,Bachelors
646,665,152000,Bachelors
647,465,316000,Bachelors
648,1395,206000,Diploma
649,1503,253000,Certificate
650,1130,171000,Diploma
651,1376,57000,Diploma
652,749,53000,Masters
653,1589,106000,Certificate
654,1425,202000,Diploma
655,1551,203000,Certificate
656,680,189000,Bachelors
657,737,156000,Masters
658,1370,95000,Diploma
659,1078,109000,Diploma
660,895,216000,Masters
661,906,323000,Masters
662,575,253000,Bachelors
663,784,318000,Masters
664,730,173000,Masters
665,129,66000,High School
666,1246,83000,Diploma
667,1676,132000,Certificate
668,754,165000,Masters
669,1627,222000,Certificate
670,1362,246000,Diploma
671,213,174000,High School
672,474,109000,Bachelors
673,817,135000,Masters
674,1024,234000,Masters
675,183,331000,High School
676,811,279000,Masters
677,675,372000,Bachelors
678,329,179000,High School
679,455,78000,Bachelors
680,1330,86000,Diploma
681,1571,123000,Certificate
682,410,209000,Bachelors
683,498,272000,Bachelors
684,1501,223000,Certificate
685,318,186000,High School
686,270,146000,High School
687,970,198000,Masters
688,195,258000,High School
689,122,363000,High School
690,304,311000,High School
691,1133,438000,Diploma
692,678,196000,Bachelors
693,1299,100000,Diploma
694,1100,85000,Diploma
695,257,178000,High School
696,1512,209000,Certificate
697,478,293000,Bachelors
698,261,241000,High School
699,482,149000,Bachelors
700,611,167000,Bachelors
701,1217,152000,Diploma
702,154,288000,High School
703,507,406000,Bachelors
704,96,399000,High School
705,1110,461000,Diploma
706,490,239000,Bachelors
707,947,80000,Masters
708,716,112000,Bachelors
709,879,169000,Masters
710,614,242000,Bachelors
711,1595,279000,Certificate
712,1571,282000,Certificate
713,471,180000,Bachelors
714,875,160000,Masters
715,463,213000,Bachelors
716,152,366000,High School
717,589,506000,Bachelors
718,3,485000,High School
719,1191,489000,Diploma
720,767,269000,Masters
721,772,79000,Masters
722,824,121000,Masters
723,1395,167000,Diploma
724,1608,318000,Certificate
725,346,302000,High School
726,1086,325000,Diploma
727,813,205000,Masters
728,1329,145000,Diploma
729,1118,174000,Diploma
730,652,366000,Bachelors
731,1397,537000,Diploma
732,1396,450000,Diploma
733,656,479000,Bachelors
734,1314,282000,Diploma
735,1478,87000,Certificate
736,52,102000,High School
737,1565,212000,Certificate
738,1382,377000,Diploma
739,299,297000,High School
740,1561,327000,Certificate
741,1006,214000,Masters
742,1692,171000,Certificate
743,1408,207000,Diploma
744,1318,300000,Diploma
745,172,553000,High School
746,1480,495000,Certificate
747,151,488000,High School
748,35,361000,High School
749,1230,107000,Diploma
750,157,118000,High School
751,262,212000,High School
752,887,382000,Masters
753,1383,355000,Diploma
754,673,354000,Bachelors
755,493,231000,Bachelors
756,315,197000,High School
757,439,192000,Bachelors
758,905,416000,Masters
759,394,730000,Bachelors
760,1004,551000,Masters
761,295,552000,High School
762,676,378000,Bachelors
763,1164,109000,Diploma
764,833,126000,Masters
765,381,277000,Bachelors
766,1218,480000,Diploma
767,560,409000,Bachelors
768,1040,393000,Masters
769,373,261000,Bachelors
770,1083,210000,Diploma
771,178,180000,High School
772,1136,360000,Diploma
773,1031,734000,Masters
774,625,574000,Bachelors
775,1668,626000,Certificate
776,820,379000,Masters
777,1106,105000,Diploma
778,1221,94000,Diploma
779,1409,242000,Diploma
780,572,492000,Bachelors
781,758,430000,Masters
782,834,464000,Masters
783,601,294000,Bachelors
784,968,196000,Masters
785,1051,165000,Masters
786,367,395000,Bachelors
787,854,764000,Masters
788,395,635000,Bachelors
789,1631,698000,Certificate
790,1417,376000,Diploma
791,218,119000,High School
792,1472,99000,Certificate
793,1307,306000,Diploma
794,1101,510000,Diploma
795,1484,508000,Certificate
796,1066,498000,Masters
797,644,286000,Bachelors
798,12,210000,High School
799,120,229000,High School
800,1282,400000,Diploma
801,1601,738000,Certificate
802,996,647000,Masters
803,1444,730000,Certificate
804,580,390000,Bachelors
805,896,102000,Masters
806,888,118000,Masters
807,481,245000,Bachelors
808,1087,550000,Diploma
809,1391,474000,Diploma
810,480,510000,Bachelors
811,409,309000,Bachelors
812,245,188000,High School
813,659,228000,Bachelors
814,312,425000,High School
815,197,787000,High School
816,377,668000,Bachelors
817,94,816000,High School
818,1516,468000,Certificate
819,607,115000,Bachelors
820,682,113000,Bachelors
821,983,297000,Masters
822,1118,481000,Diploma
823,134,497000,High School
824,1706,513000,Certificate
825,1241,347000,Diploma
826,498,184000,Bachelors
827,8,237000,High School
828,691,428000,Bachelors
829,742,810000,Masters
830,1277,699000,Diploma
831,564,848000,Bachelors
832,623,471000,Bachelors
833,998,123000,Masters
834,758,136000,Masters
835,358,230000,Bachelors
836,1420,463000,Diploma
837,1484,492000,Certificate
838,754,535000,Masters
839,590,335000,Bachelors
840,57,186000,High School
841,952,227000,Masters
842,934,542000,Masters
843,597,913000,Bachelors
844,79,733000,High School
845,24,897000,High School
846,840,549000,Masters
847,861,136000,Masters
848,748,134000,Masters
849,1083,244000,Diploma
850,386,535000,Bachelors
851,1189,483000,Diploma
852,1230,588000,Diploma
853,718,347000,Bachelors
854,662,195000,Bachelors
855,1391,228000,Diploma
856,424,516000,Bachelors
857,1385,951000,Diploma
858,719,828000,Bachelors
859,1028,821000,Masters
860,1313,546000,Diploma
861,948,144000,Masters
862,1308,132000,Diploma
863,1012,231000,Masters
864,587,455000,Bachelors
865,805,471000,Masters
866,1272,544000,Diploma
867,732,344000,Masters
868,1273,228000,Diploma
869,779,286000,Masters
870,25,564000,High School
871,970,999000,Masters
872,146,757000,High School
873,665,927000,Bachelors
874,1691,536000,Certificate
875,414,132000,Bachelors
876,428,152000,Bachelors
877,1647,245000,Certificate
878,991,522000,Masters
879,454,565000,Bachelors
880,1634,605000,Certificate
881,1031,323000,Masters
882,634,191000,Bachelors
883,1269,296000,Diploma
884,1120,653000,Diploma
885,256,956000,High School
886,953,807000,Masters
887,1305,931000,Diploma
888,626,544000,Bachelors
889,1623,151000,Certificate
890,1282,118000,Diploma
891,929,314000,Masters
892,1667,608000,Certificate
893,1513,578000,Certificate
894,975,623000,Masters
895,1634,364000,Certificate
896,36,156000,High School
897,1374,240000,Diploma
898,851,493000,Masters
899,96,"1,011,000",High School
900,1598,704000,Certificate
901,600,827000,Bachelors
902,1016,553000,Masters
903,705,144000,Bachelors
904,1329,159000,Diploma
905,377,293000,Bachelors
906,288,631000,High School
907,1167,550000,Diploma
908,930,546000,Masters
909,10,403000,High School
910,903,172000,Masters
911,520,280000,Bachelors
912,643,516000,Bachelors
913,1550,931000,Certificate
914,921,699000,Masters
915,15,862000,High School
916,670,485000,Bachelors
917,610,115000,Bachelors
918,1171,117000,Diploma
919,581,301000,Bachelors
920,862,578000,Masters
921,1061,538000,Masters
922,1055,528000,Masters
923,1273,399000,Diploma
924,100,161000,High School
925,614,238000,Bachelors
926,916,566000,Masters
927,652,814000,Bachelors
928,7,635000,High School
929,683,848000,Bachelors
930,1341,526000,Diploma
931,48,135000,High School
932,985,152000,Masters
933,1253,359000,Diploma
934,204,630000,High School
935,4,568000,High School
936,643,575000,Bachelors
937,1039,390000,Masters
938,1385,213000,Diploma
939,707,197000,Bachelors
940,326,505000,High School
941,293,789000,High School
942,984,707000,Masters
943,126,833000,High School
944,1213,516000,Diploma
945,1545,134000,Certificate
946,760,126000,Masters
947,1477,273000,Certificate
948,1498,579000,Certificate
949,1410,547000,Diploma
950,829,598000,Masters
951,111,385000,High School
952,1246,197000,Diploma
953,998,158000,Masters
954,455,414000,Bachelors
955,716,815000,Bachelors
956,1592,743000,Certificate
957,521,808000,Bachelors
958,25,489000,High School
959,746,134000,Masters
960,1499,93000,Certificate
961,1002,252000,Masters
962,22,615000,High School
963,169,546000,High School
964,1630,538000,Certificate
965,454,408000,Bachelors
966,1201,192000,Diploma
967,82,162000,High School
968,462,457000,Bachelors
969,660,718000,Bachelors
970,277,698000,High School
971,775,811000,Masters
972,423,530000,Bachelors
973,342,141000,High School
974,475,144000,Bachelors
975,340,315000,High School
976,1484,601000,Certificate
977,870,485000,Masters
978,567,571000,Bachelors
979,1563,374000,Certificate
980,856,158000,Masters
981,45,149000,High School
982,1054,440000,Masters
983,494,739000,Bachelors
984,1236,699000,Diploma
985,1242,879000,Diploma
986,746,539000,Masters
987,1675,173000,Certificate
988,542,105000,Bachelors
989,293,306000,High School
990,1601,578000,Certificate
991,541,529000,Bachelors
992,1046,621000,Masters
993,591,394000,Bachelors
994,805,205000,Masters
995,124,149000,High School
996,1564,456000,Certificate
997,1196,750000,Diploma
998,1422,693000,Diploma
999,737,877000,Masters
1000,1210,476000,Diploma
1001,49,157000,High School
1002,1221,143000,Diploma
1003,473,297000,Bachelors
1004,142,576000,High School
1005,777,557000,Masters
1006,522,577000,Bachelors
1007,465,378000,Bachelors
1008,26,182000,High School
1009,887,204000,Masters
1010,640,507000,Bachelors
1011,188,803000,High School
1012,1031,704000,Masters
1013,1695,788000,Certificate
1014,1428,509000,Diploma
1015,797,152000,Masters
1016,92,148000,High School
1017,1079,348000,Diploma
1018,433,525000,Bachelors
1019,1066,530000,Masters
1020,577,630000,Bachelors
1021,1678,355000,Certificate
1022,250,205000,High School
1023,748,196000,Masters
1024,259,460000,High School
1025,108,812000,High School
1026,1,648000,High School
1027,641,752000,Bachelors
1028,612,503000,Bachelors
1029,1468,145000,Certificate
1030,720,99000,Bachelors
1031,993,371000,Masters
1032,1637,542000,Certificate
1033,1125,520000,Diploma
1034,782,608000,Masters
1035,91,318000,High School
1036,1307,190000,Diploma
1037,632,205000,Bachelors
1038,835,510000,Masters
1039,1167,849000,Diploma
1040,762,709000,Masters
1041,1310,784000,Diploma
1042,756,533000,Masters
1043,859,140000,Masters
1044,1068,134000,Masters
1045,352,329000,High School
1046,194,514000,High School
1047,609,514000,Bachelors
1048,1448,589000,Certificate
1049,364,362000,Bachelors
1050,541,175000,Bachelors
1051,469,241000,Bachelors
1052,1367,481000,Diploma
1053,1416,866000,Diploma
1054,1679,641000,Certificate
1055,1437,710000,Certificate
1056,76,491000,High School
1057,422,137000,Bachelors
1058,1086,115000,Diploma
1059,773,324000,Masters
1060,696,571000,Bachelors
1061,323,505000,High School
1062,947,578000,Masters
1063,310,355000,High School
1064,1676,161000,Certificate
1065,508,196000,Bachelors
1066,840,455000,Masters
1067,846,857000,Masters
1068,1183,602000,Diploma
1069,1117,779000,Diploma
1070,1075,496000,Masters
1071,665,148000,Bachelors
1072,432,162000,Bachelors
1073,930,354000,Masters
1074,557,559000,Bachelors
1075,1070,485000,Masters
1076,241,588000,High School
1077,573,382000,Bachelors
1078,822,184000,Masters
1079,611,180000,Bachelors
1080,390,451000,Bachelors
1081,416,749000,Bachelors
1082,752,693000,Masters
1083,524,685000,Bachelors
1084,990,505000,Masters
1085,1625,148000,Certificate
1086,618,151000,Bachelors
1087,1108,297000,Diploma
1088,569,599000,Bachelors
1089,160,528000,High School
1090,1566,596000,Certificate
1091,1571,388000,Certificate
1092,1389,166000,Diploma
1093,361,164000,Bachelors
1094,388,423000,Bachelors
1095,850,761000,Masters
1096,1150,600000,Diploma
1097,1676,757000,Certificate
1098,917,524000,Masters
1099,540,159000,Bachelors
1100,275,171000,High School
1101,959,312000,Masters
1102,1241,688000,Diploma
1103,1215,543000,Diploma
1104,444,596000,Bachelors
1105,521,403000,Bachelors
1106,420,219000,Bachelors
1107,1075,163000,Masters
1108,825,418000,Masters
1109,985,682000,Masters
1110,318,665000,High School
1111,668,670000,Bachelors
1112,951,468000,Masters
1113,1439,153000,Certificate
1114,1219,195000,Diploma
1115,1679,281000,Certificate
1116,281,645000,High School
1117,1426,541000,Diploma
1118,236,624000,High School
1119,538,422000,Bachelors
1120,543,227000,Bachelors
1121,253,134000,High School
1122,964,443000,Masters
1123,403,727000,Bachelors
1124,288,649000,High School
1125,930,717000,Masters
1126,1042,495000,Masters
1127,439,168000,Bachelors
1128,1237,157000,Diploma
1129,1565,322000,Certificate
1130,1705,713000,Certificate
1131,1635,503000,Certificate
1132,987,626000,Masters
1133,423,445000,Bachelors
1134,54,224000,High School
1135,299,146000,High School
1136,253,392000,High School
1137,501,682000,Bachelors
1138,944,597000,Masters
1139,1439,668000,Certificate
1140,555,492000,Bachelors
1141,1562,157000,Certificate
1142,1686,113000,Certificate
1143,1435,329000,Certificate
1144,1590,670000,Certificate
1145,1494,436000,Certificate
1146,83,550000,High School
1147,1164,416000,Diploma
1148,105,263000,High School
1149,1682,189000,Certificate
1150,1265,462000,Diploma
1151,170,649000,High School
1152,323,560000,High School
1153,280,631000,High School
1154,687,471000,Bachelors
1155,302,172000,High School
1156,425,111000,Bachelors
1157,493,307000,Bachelors
1158,1332,596000,Diploma
1159,1147,460000,Diploma
1160,1469,521000,Certificate
1161,855,387000,Masters
1162,1699,230000,Certificate
1163,967,150000,Masters
1164,382,474000,Bachelors
1165,416,699000,Bachelors
1166,415,581000,Bachelors
1167,672,575000,Bachelors
1168,1705,404000,Certificate
1169,1657,150000,Certificate
1170,1482,96000,Certificate
1171,1527,250000,Certificate
1172,1628,580000,Certificate
1173,1652,467000,Certificate
1174,564,531000,Bachelors
1175,1436,349000,Certificate
1176,699,208000,Bachelors
1177,1515,200000,Certificate
1178,614,480000,Bachelors
1179,1528,690000,Certificate
1180,99,551000,High School
1181,816,563000,Masters
1182,1178,480000,Diploma
1183,934,130000,Masters
1184,442,139000,Bachelors
1185,166,239000,High School
1186,879,559000,Masters
1187,333,551000,High School
1188,1216,536000,Diploma
1189,97,377000,High School
1190,382,201000,Bachelors
1191,143,184000,High School
1192,1309,489000,Diploma
1193,536,626000,Bachelors
1194,849,478000,Masters
1195,728,599000,Masters
1196,435,428000,Bachelors
1197,1468,118000,Certificate
1198,763,136000,Masters
1199,1324,264000,Diploma
1200,939,522000,Masters
1201,1267,502000,Diploma
1202,177,573000,High School
1203,541,362000,Bachelors
1204,642,230000,Bachelors
1205,204,186000,High School
1206,499,439000,Bachelors
1207,820,716000,Masters
1208,1111,512000,Diploma
1209,192,579000,High School
1210,1159,495000,Diploma
1211,56,118000,High School
1212,31,151000,High School
1213,102,255000,High School
1214,1431,481000,Diploma
1215,890,414000,Masters
1216,188,547000,High School
1217,68,389000,High School
1218,12,191000,High School
1219,1694,180000,Certificate
1220,272,439000,High School
1221,1057,645000,Masters
1222,1130,548000,Diploma
1223,1243,543000,Diploma
1224,216,456000,High School
1225,290,133000,High School
1226,408,146000,Bachelors
1227,1569,215000,Certificate
1228,1043,523000,Masters
1229,1414,391000,Diploma
1230,902,554000,Masters
1231,1297,370000,Diploma
1232,1517,212000,Certificate
1233,490,168000,Bachelors
1234,693,475000,Bachelors
1235,718,606000,Bachelors
1236,192,532000,High School
1237,1453,590000,Certificate
1238,279,467000,High School
1239,672,171000,Bachelors
1240,427,127000,Bachelors
1241,854,246000,Masters
1242,124,548000,High School
1243,826,516000,Masters
1244,1045,507000,Masters
1245,1641,336000,Certificate
1246,516,228000,Bachelors
1247,1375,159000,Diploma
1248,236,446000,High School
1249,675,581000,Bachelors
1250,821,531000,Masters
1251,975,586000,Masters
1252,1632,410000,Certificate
1253,1253,184000,Diploma
1254,1531,118000,Certificate
1255,1451,239000,Certificate
1256,1321,553000,Diploma
1257,669,490000,Bachelors
1258,1058,489000,Masters
1259,126,308000,High School
1260,284,235000,High School
1261,933,149000,Masters
1262,1400,435000,Diploma
1263,838,536000,Masters
1264,729,534000,Masters
1265,1065,574000,Masters
1266,936,389000,Masters
1267,1599,168000,Certificate
1268,472,121000,Bachelors
1269,603,280000,Bachelors
1270,90,526000,High School
1271,1058,490000,Masters
1272,1289,559000,Diploma
1273,954,359000,Masters
1274,674,244000,Bachelors
1275,484,121000,Bachelors
1276,1536,460000,Certificate
1277,650,504000,Bachelors
1278,173,471000,High School
1279,356,583000,High School
1280,672,386000,Bachelors
1281,301,152000,High School
1282,1039,114000,Masters
1283,490,296000,Bachelors
1284,1665,481000,Certificate
1285,517,474000,Bachelors
1286,1120,545000,Diploma
1287,1370,330000,Diploma
1288,181,243000,High School
1289,1693,147000,Certificate
1290,1286,368000,Diploma
1291,151,560000,High School
1292,1229,458000,Diploma
1293,1152,508000,Diploma
1294,1070,412000,Masters
1295,1593,162000,Certificate
1296,304,82000,High School
1297,589,242000,Bachelors
1298,394,516000,Bachelors
1299,1614,419000,Certificate
1300,106,522000,High School
1301,588,341000,Bachelors
1302,439,196000,Bachelors
1303,883,160000,Masters
1304,783,348000,Masters
1305,560,617000,Bachelors
1306,1308,493000,Diploma
1307,567,562000,Bachelors
1308,75,392000,High School
1309,317,120000,High School
1310,1295,105000,Diploma
1311,1686,252000,Certificate
1312,549,521000,Bachelors
1313,1551,417000,Certificate
1314,1637,469000,Certificate
1315,773,343000,Masters
1316,185,206000,High School
1317,583,192000,Bachelors
1318,169,323000,High School
1319,1670,538000,Certificate
1320,1041,490000,Masters
1321,1674,509000,Certificate
1322,1427,459000,Diploma
1323,19,115000,High School
1324,455,96000,Bachelors
1325,790,269000,Masters
1326,1526,482000,Certificate
1327,429,369000,Bachelors
1328,452,450000,Bachelors
1329,279,312000,High School
1330,1126,195000,Diploma
1331,158,155000,High School
1332,87,368000,High School
1333,926,526000,Masters
1334,1157,476000,Diploma
1335,788,475000,Masters
1336,699,404000,Bachelors
1337,468,97000,Bachelors
1338,219,69000,High School
1339,1085,262000,Diploma
1340,1641,444000,Certificate
1341,295,451000,High School
1342,760,470000,Masters
1343,1328,328000,Diploma
1344,1011,191000,Masters
1345,284,166000,High School
1346,741,436000,Masters
1347,999,528000,Masters
1348,279,479000,High School
1349,188,477000,High School
1350,862,395000,Masters
1351,1061,125000,Masters
1352,663,107000,Bachelors
1353,1485,264000,Certificate
1354,1671,436000,Certificate
1355,991,464000,Masters
1356,1055,470000,Masters
1357,636,339000,Bachelors
1358,1342,219000,Diploma
1359,834,202000,Masters
1360,1093,405000,Diploma
1361,528,561000,Bachelors
1362,1006,471000,Masters
1363,874,486000,Masters
1364,776,410000,Masters
1365,1029,131000,Masters
1366,826,95000,Masters
1367,1161,256000,Diploma
1368,484,431000,Bachelors
1369,407,462000,Bachelors
1370,1041,479000,Masters
1371,1069,309000,Masters
1372,1704,198000,Certificate
1373,735,151000,Masters
1374,709,381000,Bachelors
1375,651,511000,Bachelors
1376,1193,500000,Diploma
1377,143,493000,High School
1378,1162,421000,Diploma
1379,1501,128000,Certificate
1380,1234,103000,Diploma
1381,1504,278000,Certificate
1382,609,414000,Bachelors
1383,328,398000,High School
1384,1127,461000,Diploma
1385,146,310000,High School
1386,1387,187000,Diploma
1387,781,160000,Masters
1388,1491,363000,Certificate
1389,691,544000,Bachelors
1390,876,421000,Masters
1391,1668,504000,Certificate
1392,992,378000,Masters
1393,1607,149000,Certificate
1394,911,124000,Masters
1395,388,262000,Bachelors
1396,1341,413000,Diploma
1397,668,341000,Bachelors
1398,1030,444000,Masters
1399,1473,299000,Certificate
1400,415,180000,Bachelors
1401,271,161000,High School
1402,597,380000,Bachelors
1403,339,478000,High School
1404,61,426000,High School
1405,25,527000,High School
1406,292,376000,High School
1407,1298,135000,Diploma
1408,1022,94000,Masters
1409,534,238000,Bachelors
1410,1067,386000,Masters
1411,1180,381000,Diploma
1412,1176,426000,Diploma
1413,1293,297000,Diploma
1414,1551,143000,Certificate
1415,667,146000,Bachelors
1416,515,418000,Bachelors
1417,109,488000,High School
1418,633,366000,Bachelors
1419,1258,449000,Diploma
1420,699,325000,Bachelors
1421,213,116000,High School
1422,592,106000,Bachelors
1423,244,253000,High School
1424,324,427000,High School
1425,819,372000,Masters
1426,1393,398000,Diploma
1427,519,270000,Bachelors
1428,1150,226000,Diploma
1429,775,131000,Masters
1430,842,377000,Masters
1431,202,492000,High School
1432,300,421000,High School
1433,72,451000,High School
1434,916,353000,Masters
1435,11,106000,High School
1436,1287,79000,Diploma
1437,357,239000,Bachelors
1438,669,507000,Bachelors
1439,137,400000,High School
1440,1567,405000,Certificate
1441,10,268000,High School
1442,325,170000,High School
1443,155,123000,High School
1444,93,393000,High School
1445,617,594000,Bachelors
1446,397,462000,Bachelors
1447,813,417000,Masters
1448,246,364000,High School
1449,52,78000,High School
1450,275,77000,High School
1451,609,239000,Bachelors
1452,927,458000,Masters
1453,209,348000,High School
1454,1471,372000,Certificate
1455,653,290000,Bachelors
1456,1678,167000,Certificate
1457,400,141000,Bachelors
1458,1244,403000,Diploma
1459,1170,479000,Diploma
1460,180,454000,High School
1461,1491,404000,Certificate
1462,1581,385000,Certificate
1463,86,91000,High School
1464,1096,37000,Diploma
1465,1365,211000,Diploma
1466,1363,421000,Diploma
1467,745,307000,Masters
1468,970,363000,Masters
1469,58,302000,High School
1470,417,195000,Bachelors
1471,1356,132000,Diploma
1472,1491,319000,Certificate
1473,465,437000,Bachelors
1474,1135,410000,Diploma
1475,705,424000,Bachelors
1476,969,363000,Masters
1477,996,97000,Masters
1478,341,73000,High School
1479,1547,210000,Certificate
1480,1446,445000,Certificate
1481,1320,303000,Diploma
1482,321,355000,High School
1483,215,317000,High School
1484,1105,186000,Diploma
1485,1090,144000,Diploma
1486,123,289000,High School
1487,1165,549000,Diploma
1488,846,411000,Masters
1489,620,399000,Bachelors
1490,131,339000,High School
1491,455,97000,Bachelors
1492,688,75000,Bachelors
1493,1327,197000,Diploma
1494,744,435000,Masters
1495,677,305000,Bachelors
1496,17,398000,High School
1497,694,272000,Bachelors
1498,1582,179000,Certificate
1499,333,106000,High School
1500,104,307000,High School
1501,940,514000,Masters
1502,1335,409000,Diploma
1503,680,359000,Bachelors
1504,86,359000,High School
1505,1290,82000,Diploma
1506,219,62000,High School
1507,43,217000,High School
1508,259,370000,High School
1509,898,290000,Masters
1510,1382,357000,Diploma
1511,660,240000,Bachelors
1512,592,169000,Bachelors
1513,1325,97000,Diploma
1514,1162,339000,Diploma
1515,1262,493000,Diploma
1516,367,363000,Bachelors
1517,683,427000,Bachelors
1518,841,318000,Masters
1519,1119,93000,Diploma
1520,1577,88000,Certificate
1521,1557,222000,Certificate
1522,211,292000,High School
1523,823,304000,Masters
1524,298,346000,High School
1525,815,231000,Masters
1526,206,179000,High School
1527,1513,129000,Certificate
1528,1259,366000,Diploma
1529,789,488000,Masters
1530,1405,380000,Diploma
1531,1625,458000,Certificate
1532,1637,304000,Certificate
1533,644,76000,Bachelors
1534,354,112000,High School
1535,1087,184000,Diploma
1536,171,393000,High School
1537,857,317000,Masters
1538,1339,354000,Diploma
1539,853,244000,Masters
1540,1451,173000,Certificate
1541,739,136000,Masters
1542,549,378000,Bachelors
1543,852,418000,Masters
1544,873,351000,Masters
1545,814,401000,Masters
1546,952,347000,Masters
1547,843,76000,Masters
1548,388,99000,Bachelors
1549,1519,224000,Certificate
1550,34,404000,High School
1551,592,316000,Bachelors
1552,595,332000,Bachelors
1553,632,252000,Bachelors
1554,1536,151000,Certificate
1555,807,119000,Masters
1556,129,325000,High School
1557,750,456000,Masters
1558,1043,313000,Masters
1559,536,337000,Bachelors
1560,1398,284000,Diploma
1561,892,105000,Masters
1562,907,88000,Masters
1563,717,165000,Bachelors
1564,1078,357000,Diploma
1565,240,273000,High School
1566,593,333000,Bachelors
1567,201,264000,High School
1568,1455,143000,Certificate
1569,1143,84000,Diploma
1570,349,302000,High School
1571,112,496000,High School
1572,1100,311000,Diploma
1573,360,329000,Bachelors
1574,680,253000,Bachelors
1575,1509,84000,Certificate
1576,1191,75000,Diploma
1577,37,141000,High School
1578,452,372000,Bachelors
1579,177,278000,High School
1580,1018,304000,Masters
1581,1612,250000,Certificate
1582,1266,183000,Diploma
1583,1197,66000,Diploma
1584,1140,285000,Diploma
1585,1061,386000,Masters
1586,698,268000,Bachelors
1587,1091,278000,Diploma
1588,21,289000,High School
1589,694,114000,Bachelors
1590,1528,81000,Certificate
1591,96,130000,High School
1592,1416,339000,Diploma
1593,1292,250000,Diploma
1594,939,239000,Masters
1595,1583,203000,Certificate
1596,794,172000,Masters
1597,932,98000,Masters
1598,922,277000,Masters
1599,1023,413000,Masters
1600,691,312000,Bachelors
1601,977,254000,Masters
1602,649,251000,Bachelors
1603,833,97000,Masters
1604,290,93000,High School
1605,512,140000,Bachelors
1606,197,348000,High School
1607,1423,280000,Diploma
1608,632,293000,Bachelors
1609,1693,267000,Certificate
1610,1527,213000,Certificate
1611,1570,105000,Certificate
1612,958,254000,Masters
1613,939,342000,Masters
1614,1611,288000,Certificate
1615,1093,265000,Diploma
1616,1067,215000,Masters
1617,731,95000,Masters
1618,406,68000,Bachelors
1619,534,136000,Bachelors
1620,396,354000,Bachelors
1621,1007,250000,Masters
1622,560,258000,Bachelors
1623,1098,224000,Diploma
1624,1147,257000,Diploma
1625,686,89000,Bachelors
1626,1095,266000,Diploma
1627,213,350000,High School
1628,1407,228000,Diploma
1629,1681,275000,Certificate
1630,1292,218000,Diploma
1631,311,79000,High School
1632,822,83000,Masters
1633,205,116000,High School
1634,860,350000,Masters
1635,397,294000,Bachelors
1636,1053,297000,Masters
1637,362,191000,Bachelors
1638,949,193000,Masters
1639,1306,84000,Diploma
1640,561,241000,Bachelors
1641,1204,313000,Diploma
1642,777,240000,Masters
1643,1068,276000,Masters
1644,419,252000,Bachelors
1645,1226,84000,Diploma
1646,1590,37000,Certificate
1647,756,197000,Masters
1648,1128,334000,Diploma
1649,470,234000,Bachelors
1650,13,278000,High School
1651,1096,203000,Diploma
1652,472,188000,Bachelors
1653,1086,75000,Diploma
1654,1534,226000,Certificate
1655,395,282000,Bachelors
1656,879,257000,Masters
1657,605,292000,Bachelors
1658,253,242000,High School
1659,1092,122000,Diploma
1660,130,62000,High School
1661,937,174000,Masters
1662,487,297000,Bachelors
1663,61,225000,High School
1664,981,237000,Masters
1665,672,234000,Bachelors
1666,1092,141000,Diploma
1667,1071,81000,Masters
1668,382,201000,Bachelors
1669,996,357000,Masters
1670,977,205000,Masters
1671,1173,285000,Diploma
1672,765,266000,Masters
1673,773,110000,Masters
1674,706,60000,Bachelors
1675,1324,182000,Diploma
1676,990,284000,Masters
1677,386,226000,Bachelors
1678,1007,214000,Masters
1679,588,173000,Bachelors
1680,711,128000,Bachelors
1681,539,85000,Bachelors
1682,987,241000,Masters
1683,1126,362000,Diploma
1684,1190,282000,Diploma
1685,282,249000,High School
1686,147,222000,High School
1687,1616,97000,Certificate
1688,151,75000,High School
1689,1479,143000,Certificate
1690,668,302000,Bachelors
1691,1363,240000,Diploma
1692,601,297000,Bachelors
1693,404,212000,Bachelors
1694,412,157000,Bachelors
1695,663,93000,Bachelors
1696,740,255000,Masters
1697,625,319000,Bachelors
1698,1542,270000,Certificate
1699,1663,272000,Certificate
1700,1272,229000,Diploma
1701,347,100000,High School
1702,1581,80000,Certificate
1703,700,141000,Bachelors
1704,449,294000,Bachelors
1705,1401,235000,Diploma
1706,1637,253000,Certificate
1707,170,170000,High School
1708,167,174000,High School
